"MISSION","SETNO","STRAT","YEAR","MONTH","DAY","SCIEN","FSHNO","FLEN","CLEN","FWT","pred.wgt","condition"
"ATC1970175",9,"490",1970,7,8,"TRIGLOPS MURRAYI",1,13,1,10,14.4745876598752,0.6908659669609
"ATC1970175",29,"481",1970,7,11,"TRIGLOPS MURRAYI",NA,13,1,NA,14.4745876598752,NA
"ATC1970175",30,"481",1970,7,11,"TRIGLOPS MURRAYI",2,17,1,30,29.2967730718609,1.02400356265907
"ATC1970175",30,"481",1970,7,11,"TRIGLOPS MURRAYI",3,12,1,15,11.7284429688893,1.27894214430584
"ATC1971188",3,"492",1971,6,29,"TRIGLOPS MURRAYI",NA,17,1,NA,29.2967730718609,NA
"ATC1971188",9,"491",1971,6,30,"TRIGLOPS MURRAYI",1,13,1,25,14.4745876598752,1.72716491740225
"ATC1971188",9,"491",1971,6,30,"TRIGLOPS MURRAYI",2,13,1,25,14.4745876598752,1.72716491740225
"ATC1971188",21,"480",1971,7,2,"TRIGLOPS MURRAYI",3,14,1,25,17.5872426810121,1.42148490547589
"ATC1971188",21,"480",1971,7,2,"TRIGLOPS MURRAYI",4,10,1,15,7.26318209850787,2.06521050919012
"ATC1971188",22,"480",1971,7,3,"TRIGLOPS MURRAYI",5,9,1,15,5.50632365465066,2.72414063189528
"ATC1971188",22,"480",1971,7,3,"TRIGLOPS MURRAYI",6,9,1,15,5.50632365465066,2.72414063189528
"ATC1971188",44,"473",1971,7,8,"TRIGLOPS MURRAYI",7,11,1,15,9.33082485109566,1.60757491854953
"ATC1971188",44,"473",1971,7,8,"TRIGLOPS MURRAYI",8,12,1,20,11.7284429688893,1.70525619240779
"ATC1972200",29,"475",1972,6,26,"TRIGLOPS MURRAYI",1,10,1,5,7.26318209850787,0.688403503063373
"ATC1972200",29,"475",1972,6,26,"TRIGLOPS MURRAYI",2,8,1,5,4.04032855220982,1.23752312105046
"ATC1972200",29,"475",1972,6,26,"TRIGLOPS MURRAYI",3,10,1,5,7.26318209850787,0.688403503063373
"ATC1972200",29,"475",1972,6,26,"TRIGLOPS MURRAYI",4,11,1,10,9.33082485109566,1.07171661236635
"ATC1972200",29,"475",1972,6,26,"TRIGLOPS MURRAYI",5,13,1,15,14.4745876598752,1.03629895044135
"ATC1972200",29,"475",1972,6,26,"TRIGLOPS MURRAYI",6,14,1,15,17.5872426810121,0.852890943285535
"ATC1972200",29,"475",1972,6,26,"TRIGLOPS MURRAYI",7,11,1,10,9.33082485109566,1.07171661236635
"ATC1972200",29,"475",1972,6,26,"TRIGLOPS MURRAYI",8,13,1,15,14.4745876598752,1.03629895044135
"ATC1972200",29,"475",1972,6,26,"TRIGLOPS MURRAYI",9,11,1,10,9.33082485109566,1.07171661236635
"ATC1972200",29,"475",1972,6,26,"TRIGLOPS MURRAYI",10,12,1,15,11.7284429688893,1.27894214430584
"ATC1973212",53,"474",1973,7,17,"TRIGLOPS MURRAYI",NA,12,1,NA,11.7284429688893,NA
"ATC1973212",54,"474",1973,7,18,"TRIGLOPS MURRAYI",NA,10,1,NA,7.26318209850787,NA
"ATC1974225",12,"491",1974,7,10,"TRIGLOPS MURRAYI",NA,11,1,NA,9.33082485109566,NA
"ATC1974225",29,"480",1974,7,12,"TRIGLOPS MURRAYI",NA,13,1,NA,14.4745876598752,NA
"ATC1974225",29,"480",1974,7,12,"TRIGLOPS MURRAYI",NA,12,1,NA,11.7284429688893,NA
"ATC1974225",37,"481",1974,7,14,"TRIGLOPS MURRAYI",NA,9,1,NA,5.50632365465066,NA
"ATC1974225",38,"481",1974,7,14,"TRIGLOPS MURRAYI",NA,9,1,NA,5.50632365465066,NA
"ATC1974225",38,"481",1974,7,14,"TRIGLOPS MURRAYI",NA,12,1,NA,11.7284429688893,NA
"ATC1974225",38,"481",1974,7,14,"TRIGLOPS MURRAYI",NA,10,1,NA,7.26318209850787,NA
"ATC1974225",38,"481",1974,7,14,"TRIGLOPS MURRAYI",NA,13,1,NA,14.4745876598752,NA
"ATC1974225",44,"475",1974,7,14,"TRIGLOPS MURRAYI",NA,11,1,NA,9.33082485109566,NA
"ATC1974225",46,"477",1974,7,15,"TRIGLOPS MURRAYI",NA,11,1,NA,9.33082485109566,NA
"ATC1974225",46,"477",1974,7,15,"TRIGLOPS MURRAYI",NA,9,1,NA,5.50632365465066,NA
"ATC1975236",14,"490",1975,7,16,"TRIGLOPS MURRAYI",NA,12,1,NA,11.7284429688893,NA
"ATC1975236",14,"490",1975,7,16,"TRIGLOPS MURRAYI",NA,11,1,NA,9.33082485109566,NA
"ATC1975236",36,"475",1975,7,20,"TRIGLOPS MURRAYI",NA,8,1,NA,4.04032855220982,NA
"ATC1975236",36,"475",1975,7,20,"TRIGLOPS MURRAYI",NA,9,1,NA,5.50632365465066,NA
"ATC1975236",36,"475",1975,7,20,"TRIGLOPS MURRAYI",NA,13,1,NA,14.4745876598752,NA
"ATC1975236",45,"473",1975,7,21,"TRIGLOPS MURRAYI",NA,13,1,NA,14.4745876598752,NA
"ATC1976250",10,"491",1976,7,14,"TRIGLOPS MURRAYI",NA,2,1,NA,0.105684689653603,NA
"ATC1978279",35,"477",1978,7,14,"TRIGLOPS MURRAYI",NA,14,1,NA,17.5872426810121,NA
"ATC1978279",36,"476",1978,7,14,"TRIGLOPS MURRAYI",NA,13,1,NA,14.4745876598752,NA
"ATC1978279",43,"473",1978,7,14,"TRIGLOPS MURRAYI",NA,14,1,NA,17.5872426810121,NA
"ATC1978279",44,"473",1978,7,14,"TRIGLOPS MURRAYI",NA,17,1,NA,29.2967730718609,NA
"ATC1979292",10,"475",1979,7,7,"TRIGLOPS MURRAYI",NA,14,1,NA,17.5872426810121,NA
"ATC1980306",44,"475",1980,7,12,"TRIGLOPS MURRAYI",NA,10,1,NA,7.26318209850787,NA
"ATC1980306",45,"475",1980,7,12,"TRIGLOPS MURRAYI",NA,9,1,NA,5.50632365465066,NA
"ATC1980306",45,"475",1980,7,12,"TRIGLOPS MURRAYI",NA,12,1,NA,11.7284429688893,NA
"ATC1981321",23,"473",1981,7,7,"TRIGLOPS MURRAYI",NA,9,1,NA,5.50632365465066,NA
"ATC1981321",23,"473",1981,7,7,"TRIGLOPS MURRAYI",NA,14,1,NA,17.5872426810121,NA
"ATC1981321",23,"473",1981,7,7,"TRIGLOPS MURRAYI",NA,13,1,NA,14.4745876598752,NA
"HAM1982080",30,"475",1982,7,12,"TRIGLOPS MURRAYI",NA,13,1,NA,14.4745876598752,NA
"HAM1982080",33,"477",1982,7,13,"TRIGLOPS MURRAYI",NA,7,1,NA,2.84443132809967,NA
"HAM1982080",33,"477",1982,7,13,"TRIGLOPS MURRAYI",NA,9,1,NA,5.50632365465066,NA
"HAM1982080",33,"477",1982,7,13,"TRIGLOPS MURRAYI",NA,11,1,NA,9.33082485109566,NA
"HAM1982080",33,"477",1982,7,13,"TRIGLOPS MURRAYI",NA,14,1,NA,17.5872426810121,NA
"HAM1982080",33,"477",1982,7,13,"TRIGLOPS MURRAYI",NA,13,1,NA,14.4745876598752,NA
"HAM1982080",40,"480",1982,7,14,"TRIGLOPS MURRAYI",NA,13,1,NA,14.4745876598752,NA
"HAM1982080",41,"480",1982,7,14,"TRIGLOPS MURRAYI",NA,9,1,NA,5.50632365465066,NA
"HAM1982080",41,"480",1982,7,14,"TRIGLOPS MURRAYI",NA,4,1,NA,0.653453035143987,NA
"HAM1982080",42,"480",1982,7,14,"TRIGLOPS MURRAYI",NA,10,1,NA,7.26318209850787,NA
"HAM1982080",42,"480",1982,7,14,"TRIGLOPS MURRAYI",NA,11,1,NA,9.33082485109566,NA
"HAM1982080",42,"480",1982,7,14,"TRIGLOPS MURRAYI",NA,13,1,NA,14.4745876598752,NA
"HAM1982080",51,"485",1982,7,15,"TRIGLOPS MURRAYI",NA,12,1,NA,11.7284429688893,NA
"HAM1982080",51,"485",1982,7,15,"TRIGLOPS MURRAYI",NA,14,1,NA,17.5872426810121,NA
"NED1983012",23,"472",1983,7,8,"TRIGLOPS MURRAYI",NA,14,1,NA,17.5872426810121,NA
"NED1983012",24,"473",1983,7,8,"TRIGLOPS MURRAYI",NA,12,1,NA,11.7284429688893,NA
"NED1983012",25,"473",1983,7,8,"TRIGLOPS MURRAYI",NA,11,1,NA,9.33082485109566,NA
"NED1983012",54,"493",1983,7,12,"TRIGLOPS MURRAYI",NA,8,1,NA,4.04032855220982,NA
"NED1983012",54,"493",1983,7,12,"TRIGLOPS MURRAYI",NA,9,1,NA,5.50632365465066,NA
"NED1983012",54,"493",1983,7,12,"TRIGLOPS MURRAYI",NA,13,1,NA,14.4745876598752,NA
"NED1983012",62,"491",1983,7,13,"TRIGLOPS MURRAYI",NA,14,1,NA,17.5872426810121,NA
"NED1983012",62,"491",1983,7,13,"TRIGLOPS MURRAYI",NA,10,1,NA,7.26318209850787,NA
"NED1983012",63,"491",1983,7,13,"TRIGLOPS MURRAYI",NA,15,1,NA,21.083883628329,NA
"NED1983012",66,"490",1983,7,13,"TRIGLOPS MURRAYI",NA,10,1,NA,7.26318209850787,NA
"NED1983012",68,"474",1983,7,14,"TRIGLOPS MURRAYI",NA,8,1,NA,4.04032855220982,NA
"NED1984031",4,"472",1984,7,10,"TRIGLOPS MURRAYI",NA,14,1,NA,17.5872426810121,NA
"NED1984031",5,"478",1984,7,11,"TRIGLOPS MURRAYI",NA,11,1,NA,9.33082485109566,NA
"NED1984031",15,"480",1984,7,12,"TRIGLOPS MURRAYI",NA,12,1,NA,11.7284429688893,NA
"NED1984031",15,"480",1984,7,12,"TRIGLOPS MURRAYI",NA,11,1,NA,9.33082485109566,NA
"NED1984031",15,"480",1984,7,12,"TRIGLOPS MURRAYI",NA,10,1,NA,7.26318209850787,NA
"NED1984031",28,"491",1984,7,17,"TRIGLOPS MURRAYI",NA,12,1,NA,11.7284429688893,NA
"NED1985048",17,"474",1985,7,5,"TRIGLOPS MURRAYI",NA,12,1,NA,11.7284429688893,NA
"NED1985048",17,"474",1985,7,5,"TRIGLOPS MURRAYI",NA,14,1,NA,17.5872426810121,NA
"NED1985048",17,"474",1985,7,5,"TRIGLOPS MURRAYI",NA,13,1,NA,14.4745876598752,NA
"NED1985048",17,"474",1985,7,5,"TRIGLOPS MURRAYI",NA,11,1,NA,9.33082485109566,NA
"NED1985048",36,"492",1985,7,7,"TRIGLOPS MURRAYI",NA,14,1,NA,17.5872426810121,NA
"NED1985048",36,"492",1985,7,7,"TRIGLOPS MURRAYI",NA,16,1,NA,24.9815272588104,NA
"NED1985048",36,"492",1985,7,7,"TRIGLOPS MURRAYI",NA,12,1,NA,11.7284429688893,NA
"NED1985048",36,"492",1985,7,7,"TRIGLOPS MURRAYI",NA,11,1,NA,9.33082485109566,NA
"NED1985048",58,"475",1985,7,9,"TRIGLOPS MURRAYI",NA,13,1,NA,14.4745876598752,NA
"NED1985048",58,"475",1985,7,9,"TRIGLOPS MURRAYI",NA,7,1,NA,2.84443132809967,NA
"NED1986065",10,"474",1986,7,8,"TRIGLOPS MURRAYI",NA,13,1,NA,14.4745876598752,NA
"NED1986065",10,"474",1986,7,8,"TRIGLOPS MURRAYI",NA,9,1,NA,5.50632365465066,NA
"NED1986065",11,"474",1986,7,9,"TRIGLOPS MURRAYI",NA,9,1,NA,5.50632365465066,NA
"NED1986065",13,"476",1986,7,9,"TRIGLOPS MURRAYI",NA,9,1,NA,5.50632365465066,NA
"NED1986065",13,"476",1986,7,9,"TRIGLOPS MURRAYI",NA,13,1,NA,14.4745876598752,NA
"NED1986065",31,"490",1986,7,10,"TRIGLOPS MURRAYI",NA,13,1,NA,14.4745876598752,NA
"NED1987085",11,"475",1987,6,30,"TRIGLOPS MURRAYI",NA,9,1,NA,5.50632365465066,NA
"NED1987085",12,"475",1987,6,30,"TRIGLOPS MURRAYI",NA,10,1,NA,7.26318209850787,NA
"NED1987085",12,"475",1987,6,30,"TRIGLOPS MURRAYI",NA,15,1,NA,21.083883628329,NA
"NED1987085",14,"477",1987,7,1,"TRIGLOPS MURRAYI",NA,10,1,NA,7.26318209850787,NA
"NED1987085",14,"477",1987,7,1,"TRIGLOPS MURRAYI",NA,12,1,NA,11.7284429688893,NA
"NED1987085",62,"478",1987,7,6,"TRIGLOPS MURRAYI",NA,10,1,NA,7.26318209850787,NA
"NED1987085",62,"478",1987,7,6,"TRIGLOPS MURRAYI",NA,9,1,NA,5.50632365465066,NA
"NED1988105",11,"477",1988,7,5,"TRIGLOPS MURRAYI",NA,8,1,NA,4.04032855220982,NA
"NED1988105",12,"475",1988,7,5,"TRIGLOPS MURRAYI",NA,8,1,NA,4.04032855220982,NA
"NED1988105",15,"476",1988,7,6,"TRIGLOPS MURRAYI",NA,12,1,NA,11.7284429688893,NA
"NED1988105",15,"476",1988,7,6,"TRIGLOPS MURRAYI",NA,10,1,NA,7.26318209850787,NA
"NED1988105",15,"476",1988,7,6,"TRIGLOPS MURRAYI",NA,9,1,NA,5.50632365465066,NA
"NED1989123",13,"476",1989,7,6,"TRIGLOPS MURRAYI",NA,11,1,NA,9.33082485109566,NA
"NED1989123",17,"485",1989,7,6,"TRIGLOPS MURRAYI",NA,14,1,NA,17.5872426810121,NA
"NED1989123",19,"485",1989,7,6,"TRIGLOPS MURRAYI",NA,10,1,NA,7.26318209850787,NA
"NED1989123",22,"490",1989,7,6,"TRIGLOPS MURRAYI",NA,13,1,NA,14.4745876598752,NA
"NED1989123",22,"490",1989,7,6,"TRIGLOPS MURRAYI",NA,12,1,NA,11.7284429688893,NA
"NED1989123",23,"490",1989,7,7,"TRIGLOPS MURRAYI",NA,10,1,NA,7.26318209850787,NA
"NED1989123",23,"490",1989,7,7,"TRIGLOPS MURRAYI",NA,9,1,NA,5.50632365465066,NA
"NED1989123",23,"490",1989,7,7,"TRIGLOPS MURRAYI",NA,12,1,NA,11.7284429688893,NA
"NED1989123",24,"490",1989,7,7,"TRIGLOPS MURRAYI",NA,15,1,NA,21.083883628329,NA
"NED1989123",24,"490",1989,7,7,"TRIGLOPS MURRAYI",NA,14,1,NA,17.5872426810121,NA
"NED1989123",24,"490",1989,7,7,"TRIGLOPS MURRAYI",NA,13,1,NA,14.4745876598752,NA
"NED1989123",79,"477",1989,7,12,"TRIGLOPS MURRAYI",NA,15,1,NA,21.083883628329,NA
"NED1989123",80,"475",1989,7,13,"TRIGLOPS MURRAYI",NA,7,1,NA,2.84443132809967,NA
"NED1989123",80,"475",1989,7,13,"TRIGLOPS MURRAYI",NA,14,1,NA,17.5872426810121,NA
"NED1989123",80,"475",1989,7,13,"TRIGLOPS MURRAYI",NA,13,1,NA,14.4745876598752,NA
"NED1990139",12,"476",1990,7,4,"TRIGLOPS MURRAYI",NA,11,1,NA,9.33082485109566,NA
"NED1990139",12,"476",1990,7,4,"TRIGLOPS MURRAYI",NA,9,1,NA,5.50632365465066,NA
"NED1990139",30,"490",1990,7,7,"TRIGLOPS MURRAYI",NA,12,1,NA,11.7284429688893,NA
"NED1990139",30,"490",1990,7,7,"TRIGLOPS MURRAYI",NA,13,1,NA,14.4745876598752,NA
"NED1990139",30,"490",1990,7,7,"TRIGLOPS MURRAYI",NA,10,1,NA,7.26318209850787,NA
"NED1990139",33,"490",1990,7,7,"TRIGLOPS MURRAYI",NA,12,1,NA,11.7284429688893,NA
"NED1990139",34,"491",1990,7,7,"TRIGLOPS MURRAYI",NA,12,1,NA,11.7284429688893,NA
"NED1990139",74,"477",1990,7,11,"TRIGLOPS MURRAYI",NA,10,1,NA,7.26318209850787,NA
"NED1990139",76,"477",1990,7,11,"TRIGLOPS MURRAYI",NA,10,1,NA,7.26318209850787,NA
"NED1990139",79,"477",1990,7,12,"TRIGLOPS MURRAYI",NA,11,1,NA,9.33082485109566,NA
"NED1990139",79,"477",1990,7,12,"TRIGLOPS MURRAYI",NA,9,1,NA,5.50632365465066,NA
"NED1990139",79,"477",1990,7,12,"TRIGLOPS MURRAYI",NA,14,1,NA,17.5872426810121,NA
"NED1991154",10,"474",1991,7,5,"TRIGLOPS MURRAYI",NA,12,1,NA,11.7284429688893,NA
"NED1991154",20,"480",1991,7,5,"TRIGLOPS MURRAYI",NA,12,1,NA,11.7284429688893,NA
"NED1991154",20,"480",1991,7,5,"TRIGLOPS MURRAYI",NA,13,1,NA,14.4745876598752,NA
"NED1991154",20,"480",1991,7,5,"TRIGLOPS MURRAYI",NA,7,1,NA,2.84443132809967,NA
"NED1991154",21,"481",1991,7,6,"TRIGLOPS MURRAYI",NA,10,1,NA,7.26318209850787,NA
"NED1991154",21,"481",1991,7,6,"TRIGLOPS MURRAYI",NA,12,1,NA,11.7284429688893,NA
"NED1991154",21,"481",1991,7,6,"TRIGLOPS MURRAYI",NA,14,1,NA,17.5872426810121,NA
"NED1991154",21,"481",1991,7,6,"TRIGLOPS MURRAYI",NA,15,1,NA,21.083883628329,NA
"NED1991154",21,"481",1991,7,6,"TRIGLOPS MURRAYI",NA,9,1,NA,5.50632365465066,NA
"NED1991154",22,"481",1991,7,6,"TRIGLOPS MURRAYI",NA,13,1,NA,14.4745876598752,NA
"NED1991154",22,"481",1991,7,6,"TRIGLOPS MURRAYI",NA,10,1,NA,7.26318209850787,NA
"NED1991154",22,"481",1991,7,6,"TRIGLOPS MURRAYI",NA,11,1,NA,9.33082485109566,NA
"NED1991154",23,"480",1991,7,6,"TRIGLOPS MURRAYI",NA,10,1,NA,7.26318209850787,NA
"NED1991154",31,"490",1991,7,7,"TRIGLOPS MURRAYI",NA,10,1,NA,7.26318209850787,NA
"NED1991154",33,"485",1991,7,7,"TRIGLOPS MURRAYI",NA,13,1,NA,14.4745876598752,NA
"NED1991154",33,"485",1991,7,7,"TRIGLOPS MURRAYI",NA,11,1,NA,9.33082485109566,NA
"NED1991154",33,"485",1991,7,7,"TRIGLOPS MURRAYI",NA,12,1,NA,11.7284429688893,NA
"NED1991154",61,"481",1991,7,10,"TRIGLOPS MURRAYI",NA,9,1,NA,5.50632365465066,NA
"NED1991154",66,"477",1991,7,10,"TRIGLOPS MURRAYI",NA,14,1,NA,17.5872426810121,NA
"NED1992173",14,"480",1992,6,24,"TRIGLOPS MURRAYI",NA,8,1,NA,4.04032855220982,NA
"NED1992173",14,"480",1992,6,24,"TRIGLOPS MURRAYI",NA,10,1,NA,7.26318209850787,NA
"NED1992173",14,"480",1992,6,24,"TRIGLOPS MURRAYI",NA,9,1,NA,5.50632365465066,NA
"NED1992173",16,"481",1992,6,25,"TRIGLOPS MURRAYI",NA,12,1,NA,11.7284429688893,NA
"NED1992173",17,"481",1992,6,25,"TRIGLOPS MURRAYI",NA,13,1,NA,14.4745876598752,NA
"NED1992173",25,"485",1992,6,26,"TRIGLOPS MURRAYI",NA,13,1,NA,14.4745876598752,NA
"NED1992173",25,"485",1992,6,26,"TRIGLOPS MURRAYI",NA,12,1,NA,11.7284429688893,NA
"NED1992173",44,"485",1992,6,28,"TRIGLOPS MURRAYI",NA,15,1,NA,21.083883628329,NA
"NED1992173",44,"485",1992,6,28,"TRIGLOPS MURRAYI",NA,9,1,NA,5.50632365465066,NA
"NED1992173",44,"485",1992,6,28,"TRIGLOPS MURRAYI",NA,12,1,NA,11.7284429688893,NA
"NED1992173",64,"480",1992,7,1,"TRIGLOPS MURRAYI",NA,7,1,NA,2.84443132809967,NA
"NED1992173",64,"480",1992,7,1,"TRIGLOPS MURRAYI",NA,8,1,NA,4.04032855220982,NA
"NED1992173",64,"480",1992,7,1,"TRIGLOPS MURRAYI",NA,10,1,NA,7.26318209850787,NA
"NED1993189",20,"473",1993,7,7,"TRIGLOPS MURRAYI",NA,9,1,NA,5.50632365465066,NA
"NED1993189",22,"476",1993,7,8,"TRIGLOPS MURRAYI",NA,11,1,NA,9.33082485109566,NA
"NED1993189",23,"475",1993,7,8,"TRIGLOPS MURRAYI",NA,9,1,NA,5.50632365465066,NA
"NED1993189",32,"480",1993,7,9,"TRIGLOPS MURRAYI",NA,7,1,NA,2.84443132809967,NA
"NED1993189",32,"480",1993,7,9,"TRIGLOPS MURRAYI",NA,9,1,NA,5.50632365465066,NA
"NED1993189",51,"491",1993,7,11,"TRIGLOPS MURRAYI",NA,10,1,NA,7.26318209850787,NA
"NED1993189",51,"491",1993,7,11,"TRIGLOPS MURRAYI",NA,9,1,NA,5.50632365465066,NA
"NED1993189",67,"485",1993,7,13,"TRIGLOPS MURRAYI",NA,10,1,NA,7.26318209850787,NA
"NED1993189",67,"485",1993,7,13,"TRIGLOPS MURRAYI",NA,14,1,NA,17.5872426810121,NA
"NED1993189",74,"481",1993,7,13,"TRIGLOPS MURRAYI",NA,8,1,NA,4.04032855220982,NA
"NED1993189",75,"481",1993,7,13,"TRIGLOPS MURRAYI",NA,10,1,NA,7.26318209850787,NA
"NED1993189",75,"481",1993,7,13,"TRIGLOPS MURRAYI",NA,11,1,NA,9.33082485109566,NA
"NED1993189",77,"477",1993,7,14,"TRIGLOPS MURRAYI",NA,9,1,NA,5.50632365465066,NA
"NED1993189",77,"477",1993,7,14,"TRIGLOPS MURRAYI",NA,11,1,NA,9.33082485109566,NA
"NED1993189",78,"476",1993,7,14,"TRIGLOPS MURRAYI",NA,7,1,NA,2.84443132809967,NA
"NED1994221",13,"474",1994,7,6,"TRIGLOPS MURRAYI",NA,13,1,NA,14.4745876598752,NA
"NED1994221",13,"474",1994,7,6,"TRIGLOPS MURRAYI",NA,9,1,NA,5.50632365465066,NA
"NED1994221",14,"474",1994,7,6,"TRIGLOPS MURRAYI",NA,12,1,NA,11.7284429688893,NA
"NED1994221",14,"474",1994,7,6,"TRIGLOPS MURRAYI",NA,8,1,NA,4.04032855220982,NA
"NED1994221",22,"476",1994,7,7,"TRIGLOPS MURRAYI",NA,11,1,NA,9.33082485109566,NA
"NED1994221",24,"481",1994,7,7,"TRIGLOPS MURRAYI",NA,11,1,NA,9.33082485109566,NA
"NED1994221",39,"490",1994,7,8,"TRIGLOPS MURRAYI",NA,12,1,NA,11.7284429688893,NA
"NED1994221",50,"493",1994,7,10,"TRIGLOPS MURRAYI",NA,6,1,NA,1.89687213712907,NA
"NED1994221",68,"481",1994,7,12,"TRIGLOPS MURRAYI",NA,9,1,NA,5.50632365465066,NA
"NED1994221",68,"481",1994,7,12,"TRIGLOPS MURRAYI",NA,14,1,NA,17.5872426810121,NA
"NED1994221",68,"481",1994,7,12,"TRIGLOPS MURRAYI",NA,11,1,NA,9.33082485109566,NA
"NED1994221",69,"480",1994,7,12,"TRIGLOPS MURRAYI",NA,10,1,NA,7.26318209850787,NA
"NED1994221",77,"473",1994,7,12,"TRIGLOPS MURRAYI",NA,10,1,NA,7.26318209850787,NA
"NED1994221",78,"472",1994,7,12,"TRIGLOPS MURRAYI",NA,12,1,NA,11.7284429688893,NA
"NED1994221",79,"472",1994,7,13,"TRIGLOPS MURRAYI",NA,10,1,NA,7.26318209850787,NA
"NED1995226",13,"473",1995,6,27,"TRIGLOPS MURRAYI",NA,11,1,12,9.33082485109566,1.28605993483962
"NED1995226",13,"473",1995,6,27,"TRIGLOPS MURRAYI",NA,9,1,4,5.50632365465066,0.726437501838742
"NED1995226",13,"473",1995,6,27,"TRIGLOPS MURRAYI",NA,8,1,4,4.04032855220982,0.990018496840371
"NED1995226",24,"477",1995,6,28,"TRIGLOPS MURRAYI",NA,9,1,6,5.50632365465066,1.08965625275811
"NED1995226",24,"477",1995,6,28,"TRIGLOPS MURRAYI",NA,11,1,10,9.33082485109566,1.07171661236635
"NED1995226",32,"480",1995,6,28,"TRIGLOPS MURRAYI",NA,11,1,8,9.33082485109566,0.857373289893081
"NED1995226",32,"480",1995,6,28,"TRIGLOPS MURRAYI",NA,10,1,6,7.26318209850787,0.826084203676048
"NED1995226",32,"480",1995,6,28,"TRIGLOPS MURRAYI",NA,9,1,6,5.50632365465066,1.08965625275811
"NED1995226",33,"480",1995,6,29,"TRIGLOPS MURRAYI",NA,13,1,14,14.4745876598752,0.96721235374526
"NED1995226",33,"480",1995,6,29,"TRIGLOPS MURRAYI",NA,11,1,10,9.33082485109566,1.07171661236635
"NED1995226",33,"480",1995,6,29,"TRIGLOPS MURRAYI",NA,8,1,NA,4.04032855220982,NA
"NED1995226",33,"480",1995,6,29,"TRIGLOPS MURRAYI",NA,11,1,NA,9.33082485109566,NA
"NED1995226",33,"480",1995,6,29,"TRIGLOPS MURRAYI",NA,8,1,8,4.04032855220982,1.98003699368074
"NED1995226",33,"480",1995,6,29,"TRIGLOPS MURRAYI",NA,10,1,6,7.26318209850787,0.826084203676048
"NED1995226",34,"480",1995,6,29,"TRIGLOPS MURRAYI",NA,15,1,18,21.083883628329,0.853732657479411
"NED1995226",34,"480",1995,6,29,"TRIGLOPS MURRAYI",NA,14,1,14,17.5872426810121,0.7960315470665
"NED1995226",34,"480",1995,6,29,"TRIGLOPS MURRAYI",NA,13,1,12,14.4745876598752,0.82903916035308
"NED1995226",34,"480",1995,6,29,"TRIGLOPS MURRAYI",NA,9,1,2,5.50632365465066,0.363218750919371
"NED1995226",34,"480",1995,6,29,"TRIGLOPS MURRAYI",NA,11,1,4,9.33082485109566,0.42868664494654
"NED1995226",34,"480",1995,6,29,"TRIGLOPS MURRAYI",NA,9,1,NA,5.50632365465066,NA
"NED1995226",34,"480",1995,6,29,"TRIGLOPS MURRAYI",NA,10,1,2,7.26318209850787,0.275361401225349
"NED1995226",34,"480",1995,6,29,"TRIGLOPS MURRAYI",NA,12,1,8,11.7284429688893,0.682102476963115
"NED1995226",62,"493",1995,7,2,"TRIGLOPS MURRAYI",NA,25,1,150,80.7308427061801,1.8580259411626
"NED1996246",12,"473",1996,7,5,"TRIGLOPS MURRAYI",NA,13,1,10,14.4745876598752,0.6908659669609
"NED1996246",12,"473",1996,7,5,"TRIGLOPS MURRAYI",NA,10,1,NA,7.26318209850787,NA
"NED1996246",12,"473",1996,7,5,"TRIGLOPS MURRAYI",NA,12,1,12,11.7284429688893,1.02315371544467
"NED1996246",12,"473",1996,7,5,"TRIGLOPS MURRAYI",NA,11,1,10,9.33082485109566,1.07171661236635
"NED1996246",12,"473",1996,7,5,"TRIGLOPS MURRAYI",NA,10,1,5,7.26318209850787,0.688403503063373
"NED1996246",23,"475",1996,7,7,"TRIGLOPS MURRAYI",NA,8,1,4,4.04032855220982,0.990018496840371
"NED1996246",64,"480",1996,7,11,"TRIGLOPS MURRAYI",NA,17,1,20,29.2967730718609,0.682669041772716
"NED1996246",64,"480",1996,7,11,"TRIGLOPS MURRAYI",NA,11,1,10,9.33082485109566,1.07171661236635
"NED1996246",64,"480",1996,7,11,"TRIGLOPS MURRAYI",NA,12,1,15,11.7284429688893,1.27894214430584
"NED1996246",64,"480",1996,7,11,"TRIGLOPS MURRAYI",NA,9,1,10,5.50632365465066,1.81609375459686
"NED1996246",64,"480",1996,7,11,"TRIGLOPS MURRAYI",NA,10,1,10,7.26318209850787,1.37680700612675
"NED1996246",65,"480",1996,7,11,"TRIGLOPS MURRAYI",NA,11,1,8,9.33082485109566,0.857373289893081
"NED1996246",65,"480",1996,7,11,"TRIGLOPS MURRAYI",NA,8,1,NA,4.04032855220982,NA
"NED1996246",65,"480",1996,7,11,"TRIGLOPS MURRAYI",NA,9,1,6,5.50632365465066,1.08965625275811
"NED1996246",65,"480",1996,7,11,"TRIGLOPS MURRAYI",NA,10,1,6,7.26318209850787,0.826084203676048
"NED1996246",65,"480",1996,7,11,"TRIGLOPS MURRAYI",NA,8,1,4,4.04032855220982,0.990018496840371
"NED1996246",66,"480",1996,7,12,"TRIGLOPS MURRAYI",NA,10,1,8,7.26318209850787,1.1014456049014
"NED1996246",66,"480",1996,7,12,"TRIGLOPS MURRAYI",NA,12,1,14,11.7284429688893,1.19367933468545
"NED1996246",66,"480",1996,7,12,"TRIGLOPS MURRAYI",NA,9,1,NA,5.50632365465066,NA
"NED1996246",66,"480",1996,7,12,"TRIGLOPS MURRAYI",NA,9,1,4,5.50632365465066,0.726437501838742
"NED1996246",67,"480",1996,7,12,"TRIGLOPS MURRAYI",NA,9,1,6,5.50632365465066,1.08965625275811
"NED1996246",67,"480",1996,7,12,"TRIGLOPS MURRAYI",NA,10,1,8,7.26318209850787,1.1014456049014
"NED1996246",67,"480",1996,7,12,"TRIGLOPS MURRAYI",NA,8,1,4,4.04032855220982,0.990018496840371
"NED1996246",68,"480",1996,7,12,"TRIGLOPS MURRAYI",NA,11,1,10,9.33082485109566,1.07171661236635
"NED1996246",68,"480",1996,7,12,"TRIGLOPS MURRAYI",NA,13,1,20,14.4745876598752,1.3817319339218
"NED1996246",68,"480",1996,7,12,"TRIGLOPS MURRAYI",NA,9,1,4,5.50632365465066,0.726437501838742
"NED1996246",68,"480",1996,7,12,"TRIGLOPS MURRAYI",NA,10,1,5,7.26318209850787,0.688403503063373
"NED1996246",68,"480",1996,7,12,"TRIGLOPS MURRAYI",NA,8,1,5,4.04032855220982,1.23752312105046
"NED1996246",68,"480",1996,7,12,"TRIGLOPS MURRAYI",NA,8,1,NA,4.04032855220982,NA
"NED1996246",76,"477",1996,7,12,"TRIGLOPS MURRAYI",NA,10,1,5,7.26318209850787,0.688403503063373
"NED1997726",10,"473",1997,7,3,"TRIGLOPS MURRAYI",NA,13,1,15,14.4745876598752,1.03629895044135
"NED1997726",10,"473",1997,7,3,"TRIGLOPS MURRAYI",NA,8,1,5,4.04032855220982,1.23752312105046
"NED1997726",10,"473",1997,7,3,"TRIGLOPS MURRAYI",NA,9,1,NA,5.50632365465066,NA
"NED1997726",10,"473",1997,7,3,"TRIGLOPS MURRAYI",NA,13,1,NA,14.4745876598752,NA
"NED1997726",10,"473",1997,7,3,"TRIGLOPS MURRAYI",NA,12,1,15,11.7284429688893,1.27894214430584
"NED1997726",10,"473",1997,7,3,"TRIGLOPS MURRAYI",NA,11,1,10,9.33082485109566,1.07171661236635
"NED1997726",10,"473",1997,7,3,"TRIGLOPS MURRAYI",NA,9,1,NA,5.50632365465066,NA
"NED1997726",14,"474",1997,7,4,"TRIGLOPS MURRAYI",NA,8,1,5,4.04032855220982,1.23752312105046
"NED1997726",20,"481",1997,7,4,"TRIGLOPS MURRAYI",NA,10,1,5,7.26318209850787,0.688403503063373
"NED1997726",23,"480",1997,7,5,"TRIGLOPS MURRAYI",NA,10,1,NA,7.26318209850787,NA
"NED1997726",23,"480",1997,7,5,"TRIGLOPS MURRAYI",NA,10,1,8,7.26318209850787,1.1014456049014
"NED1997726",32,"490",1997,7,6,"TRIGLOPS MURRAYI",NA,13,1,16,14.4745876598752,1.10538554713744
"NED1997726",32,"490",1997,7,6,"TRIGLOPS MURRAYI",NA,10,1,10,7.26318209850787,1.37680700612675
"NED1997726",32,"490",1997,7,6,"TRIGLOPS MURRAYI",NA,11,1,NA,9.33082485109566,NA
"NED1997726",32,"490",1997,7,6,"TRIGLOPS MURRAYI",NA,14,1,18,17.5872426810121,1.02346913194264
"NED1997726",32,"490",1997,7,6,"TRIGLOPS MURRAYI",NA,12,1,16,11.7284429688893,1.36420495392623
"NED1997726",32,"490",1997,7,6,"TRIGLOPS MURRAYI",NA,11,1,10,9.33082485109566,1.07171661236635
"NED1997726",33,"490",1997,7,6,"TRIGLOPS MURRAYI",NA,10,1,10,7.26318209850787,1.37680700612675
"NED1997726",33,"490",1997,7,6,"TRIGLOPS MURRAYI",NA,13,1,20,14.4745876598752,1.3817319339218
"NED1997726",34,"490",1997,7,6,"TRIGLOPS MURRAYI",NA,14,1,15,17.5872426810121,0.852890943285535
"NED1997726",34,"490",1997,7,6,"TRIGLOPS MURRAYI",NA,10,1,5,7.26318209850787,0.688403503063373
"NED1997726",34,"490",1997,7,6,"TRIGLOPS MURRAYI",NA,13,1,15,14.4745876598752,1.03629895044135
"NED1997726",34,"490",1997,7,6,"TRIGLOPS MURRAYI",NA,13,1,NA,14.4745876598752,NA
"NED1997726",34,"490",1997,7,6,"TRIGLOPS MURRAYI",NA,11,1,10,9.33082485109566,1.07171661236635
"NED1997726",34,"490",1997,7,6,"TRIGLOPS MURRAYI",NA,5,1,1,1.17469367298795,0.851285763254689
"NED1997726",72,"475",1997,7,11,"TRIGLOPS MURRAYI",NA,9,1,5,5.50632365465066,0.908046877298428
"NED1997726",72,"475",1997,7,11,"TRIGLOPS MURRAYI",NA,12,1,10,11.7284429688893,0.852628096203893
"NED1997726",73,"475",1997,7,11,"TRIGLOPS MURRAYI",NA,13,1,12,14.4745876598752,0.82903916035308
"NED1997726",73,"475",1997,7,11,"TRIGLOPS MURRAYI",NA,12,1,12,11.7284429688893,1.02315371544467
"NED1997726",73,"475",1997,7,11,"TRIGLOPS MURRAYI",NA,10,1,6,7.26318209850787,0.826084203676048
"NED1997726",73,"475",1997,7,11,"TRIGLOPS MURRAYI",NA,9,1,6,5.50632365465066,1.08965625275811
"NED1997726",74,"477",1997,7,12,"TRIGLOPS MURRAYI",NA,9,1,4,5.50632365465066,0.726437501838742
"NED1997726",74,"477",1997,7,12,"TRIGLOPS MURRAYI",NA,11,1,10,9.33082485109566,1.07171661236635
"NED1997726",74,"477",1997,7,12,"TRIGLOPS MURRAYI",NA,11,1,NA,9.33082485109566,NA
"NED1997726",74,"477",1997,7,12,"TRIGLOPS MURRAYI",NA,12,1,12,11.7284429688893,1.02315371544467
"NED1997726",74,"477",1997,7,12,"TRIGLOPS MURRAYI",NA,13,1,14,14.4745876598752,0.96721235374526
"NED1997726",75,"481",1997,7,12,"TRIGLOPS MURRAYI",NA,8,1,4,4.04032855220982,0.990018496840371
"NED1997726",75,"481",1997,7,12,"TRIGLOPS MURRAYI",NA,9,1,6,5.50632365465066,1.08965625275811
"NED1997726",75,"481",1997,7,12,"TRIGLOPS MURRAYI",NA,10,1,8,7.26318209850787,1.1014456049014
"NED1997726",75,"481",1997,7,12,"TRIGLOPS MURRAYI",NA,11,1,8,9.33082485109566,0.857373289893081
"NED1997726",75,"481",1997,7,12,"TRIGLOPS MURRAYI",NA,12,1,12,11.7284429688893,1.02315371544467
"NED1997726",75,"481",1997,7,12,"TRIGLOPS MURRAYI",NA,13,1,NA,14.4745876598752,NA
"NED1997726",75,"481",1997,7,12,"TRIGLOPS MURRAYI",NA,6,1,2,1.89687213712907,1.05436732442442
"NED1997726",75,"481",1997,7,12,"TRIGLOPS MURRAYI",NA,14,1,NA,17.5872426810121,NA
"NED1997726",75,"481",1997,7,12,"TRIGLOPS MURRAYI",NA,14,1,22,17.5872426810121,1.25090671681879
"NED1997726",75,"481",1997,7,12,"TRIGLOPS MURRAYI",NA,13,1,14,14.4745876598752,0.96721235374526
"NED1997726",76,"481",1997,7,12,"TRIGLOPS MURRAYI",NA,10,1,5,7.26318209850787,0.688403503063373
"NED1998827",34,"480",1998,7,9,"TRIGLOPS MURRAYI",NA,9,1,6,5.50632365465066,1.08965625275811
"NED1998827",34,"480",1998,7,9,"TRIGLOPS MURRAYI",NA,10,1,8,7.26318209850787,1.1014456049014
"NED1998827",34,"480",1998,7,9,"TRIGLOPS MURRAYI",NA,10,1,NA,7.26318209850787,NA
"NED1998827",34,"480",1998,7,9,"TRIGLOPS MURRAYI",NA,11,1,10,9.33082485109566,1.07171661236635
"NED1998827",34,"480",1998,7,9,"TRIGLOPS MURRAYI",NA,11,1,NA,9.33082485109566,NA
"NED1998827",37,"480",1998,7,10,"TRIGLOPS MURRAYI",NA,11,1,10,9.33082485109566,1.07171661236635
"NED1998827",37,"480",1998,7,10,"TRIGLOPS MURRAYI",NA,10,1,10,7.26318209850787,1.37680700612675
"NED1998827",37,"480",1998,7,10,"TRIGLOPS MURRAYI",NA,9,1,5,5.50632365465066,0.908046877298428
"NED1998827",38,"480",1998,7,10,"TRIGLOPS MURRAYI",NA,11,1,8,9.33082485109566,0.857373289893081
"NED1998827",38,"480",1998,7,10,"TRIGLOPS MURRAYI",NA,10,1,NA,7.26318209850787,NA
"NED1998827",38,"480",1998,7,10,"TRIGLOPS MURRAYI",NA,10,1,8,7.26318209850787,1.1014456049014
"NED1998827",38,"480",1998,7,10,"TRIGLOPS MURRAYI",NA,8,1,4,4.04032855220982,0.990018496840371
"NED1998827",38,"480",1998,7,10,"TRIGLOPS MURRAYI",NA,9,1,4,5.50632365465066,0.726437501838742
"NED1998827",52,"485",1998,7,11,"TRIGLOPS MURRAYI",NA,14,1,20,17.5872426810121,1.13718792438071
"NED1998827",52,"485",1998,7,11,"TRIGLOPS MURRAYI",NA,10,1,8,7.26318209850787,1.1014456049014
"NED1998827",53,"490",1998,7,11,"TRIGLOPS MURRAYI",NA,12,1,12,11.7284429688893,1.02315371544467
"NED1998827",54,"490",1998,7,12,"TRIGLOPS MURRAYI",NA,14,1,20,17.5872426810121,1.13718792438071
"NED1998827",54,"490",1998,7,12,"TRIGLOPS MURRAYI",NA,9,1,5,5.50632365465066,0.908046877298428
"NED1998827",54,"490",1998,7,12,"TRIGLOPS MURRAYI",NA,13,1,20,14.4745876598752,1.3817319339218
"NED1998827",54,"490",1998,7,12,"TRIGLOPS MURRAYI",NA,12,1,10,11.7284429688893,0.852628096203893
"NED1998827",54,"490",1998,7,12,"TRIGLOPS MURRAYI",NA,11,1,10,9.33082485109566,1.07171661236635
"NED1998827",54,"490",1998,7,12,"TRIGLOPS MURRAYI",NA,10,1,NA,7.26318209850787,NA
"NED1998827",54,"490",1998,7,12,"TRIGLOPS MURRAYI",NA,10,1,10,7.26318209850787,1.37680700612675
"NED1998827",80,"476",1998,7,15,"TRIGLOPS MURRAYI",NA,12,1,10,11.7284429688893,0.852628096203893
"NED1998827",82,"474",1998,7,15,"TRIGLOPS MURRAYI",NA,8,1,5,4.04032855220982,1.23752312105046
"NED1998827",82,"474",1998,7,15,"TRIGLOPS MURRAYI",NA,12,1,15,11.7284429688893,1.27894214430584
"NED1999925",25,"475",1999,7,9,"TRIGLOPS MURRAYI",NA,11,1,8,9.33082485109566,0.857373289893081
"NED1999925",25,"475",1999,7,9,"TRIGLOPS MURRAYI",NA,7,1,2,2.84443132809967,0.70312824227547
"NED1999925",25,"475",1999,7,9,"TRIGLOPS MURRAYI",NA,8,1,3,4.04032855220982,0.742513872630278
"NED1999925",25,"475",1999,7,9,"TRIGLOPS MURRAYI",NA,10,1,9,7.26318209850787,1.23912630551407
"NED1999925",25,"475",1999,7,9,"TRIGLOPS MURRAYI",NA,9,1,4,5.50632365465066,0.726437501838742
"NED1999925",25,"475",1999,7,9,"TRIGLOPS MURRAYI",NA,7,1,NA,2.84443132809967,NA
"NED1999925",25,"475",1999,7,9,"TRIGLOPS MURRAYI",NA,12,1,12,11.7284429688893,1.02315371544467
"NED1999925",27,"475",1999,7,9,"TRIGLOPS MURRAYI",NA,9,1,4,5.50632365465066,0.726437501838742
"NED1999925",27,"475",1999,7,9,"TRIGLOPS MURRAYI",NA,9,1,NA,5.50632365465066,NA
"NED1999925",27,"475",1999,7,9,"TRIGLOPS MURRAYI",NA,10,1,9,7.26318209850787,1.23912630551407
"NED1999925",27,"475",1999,7,9,"TRIGLOPS MURRAYI",NA,11,1,10,9.33082485109566,1.07171661236635
"NED1999925",27,"475",1999,7,9,"TRIGLOPS MURRAYI",NA,15,1,23,21.083883628329,1.09088061789036
"NED1999925",33,"477",1999,7,9,"TRIGLOPS MURRAYI",NA,9,1,5,5.50632365465066,0.908046877298428
"NED1999925",34,"481",1999,7,9,"TRIGLOPS MURRAYI",NA,13,1,20,14.4745876598752,1.3817319339218
"NED1999925",34,"481",1999,7,9,"TRIGLOPS MURRAYI",NA,10,1,5,7.26318209850787,0.688403503063373
"NED1999925",35,"481",1999,7,10,"TRIGLOPS MURRAYI",NA,11,1,NA,9.33082485109566,NA
"NED1999925",35,"481",1999,7,10,"TRIGLOPS MURRAYI",NA,13,1,13,14.4745876598752,0.89812575704917
"NED1999925",35,"481",1999,7,10,"TRIGLOPS MURRAYI",NA,11,1,9,9.33082485109566,0.964544951129716
"NED1999925",36,"481",1999,7,10,"TRIGLOPS MURRAYI",NA,10,1,NA,7.26318209850787,NA
"NED1999925",36,"481",1999,7,10,"TRIGLOPS MURRAYI",NA,12,1,14,11.7284429688893,1.19367933468545
"NED1999925",36,"481",1999,7,10,"TRIGLOPS MURRAYI",NA,13,1,15,14.4745876598752,1.03629895044135
"NED1999925",36,"481",1999,7,10,"TRIGLOPS MURRAYI",NA,10,1,7,7.26318209850787,0.963764904288723
"NED1999925",36,"481",1999,7,10,"TRIGLOPS MURRAYI",NA,9,1,NA,5.50632365465066,NA
"NED1999925",36,"481",1999,7,10,"TRIGLOPS MURRAYI",NA,9,1,5,5.50632365465066,0.908046877298428
"NED1999925",36,"481",1999,7,10,"TRIGLOPS MURRAYI",NA,11,1,10,9.33082485109566,1.07171661236635
"NED1999925",37,"480",1999,7,10,"TRIGLOPS MURRAYI",NA,11,1,11,9.33082485109566,1.17888827360299
"NED1999925",37,"480",1999,7,10,"TRIGLOPS MURRAYI",NA,9,1,6,5.50632365465066,1.08965625275811
"NED1999925",37,"480",1999,7,10,"TRIGLOPS MURRAYI",NA,7,1,4,2.84443132809967,1.40625648455094
"NED1999925",37,"480",1999,7,10,"TRIGLOPS MURRAYI",NA,12,1,14,11.7284429688893,1.19367933468545
"NED1999925",52,"490",1999,7,11,"TRIGLOPS MURRAYI",NA,13,1,18,14.4745876598752,1.24355874052962
"NED1999925",52,"490",1999,7,11,"TRIGLOPS MURRAYI",NA,10,1,NA,7.26318209850787,NA
"NED1999925",52,"490",1999,7,11,"TRIGLOPS MURRAYI",NA,12,1,12,11.7284429688893,1.02315371544467
"NED1999925",52,"490",1999,7,11,"TRIGLOPS MURRAYI",NA,10,1,7,7.26318209850787,0.963764904288723
"NED1999925",72,"480",1999,7,14,"TRIGLOPS MURRAYI",NA,11,1,8,9.33082485109566,0.857373289893081
"NED1999925",81,"474",1999,7,15,"TRIGLOPS MURRAYI",NA,9,1,5,5.50632365465066,0.908046877298428
"NED2000426",21,"475",2000,7,7,"TRIGLOPS MURRAYI",NA,9,1,4,5.50632365465066,0.726437501838742
"NED2000426",21,"475",2000,7,7,"TRIGLOPS MURRAYI",NA,8,1,3,4.04032855220982,0.742513872630278
"NED2000426",21,"475",2000,7,7,"TRIGLOPS MURRAYI",NA,10,1,5,7.26318209850787,0.688403503063373
"NED2000426",21,"475",2000,7,7,"TRIGLOPS MURRAYI",NA,11,1,10,9.33082485109566,1.07171661236635
"NED2000426",21,"475",2000,7,7,"TRIGLOPS MURRAYI",NA,12,1,12,11.7284429688893,1.02315371544467
"NED2000426",21,"475",2000,7,7,"TRIGLOPS MURRAYI",NA,13,1,12,14.4745876598752,0.82903916035308
"NED2000426",31,"477",2000,7,7,"TRIGLOPS MURRAYI",NA,9,1,5,5.50632365465066,0.908046877298428
"NED2000426",31,"477",2000,7,7,"TRIGLOPS MURRAYI",NA,11,1,10,9.33082485109566,1.07171661236635
"NED2000426",31,"477",2000,7,7,"TRIGLOPS MURRAYI",NA,12,1,10,11.7284429688893,0.852628096203893
"NED2000426",31,"477",2000,7,7,"TRIGLOPS MURRAYI",NA,13,1,NA,14.4745876598752,NA
"NED2000426",31,"477",2000,7,7,"TRIGLOPS MURRAYI",NA,13,1,15,14.4745876598752,1.03629895044135
"NED2000426",31,"477",2000,7,7,"TRIGLOPS MURRAYI",NA,12,1,NA,11.7284429688893,NA
"NED2000426",32,"477",2000,7,8,"TRIGLOPS MURRAYI",NA,9,1,5,5.50632365465066,0.908046877298428
"NED2000426",32,"477",2000,7,8,"TRIGLOPS MURRAYI",NA,10,1,7,7.26318209850787,0.963764904288723
"NED2000426",32,"477",2000,7,8,"TRIGLOPS MURRAYI",NA,11,1,10,9.33082485109566,1.07171661236635
"NED2000426",32,"477",2000,7,8,"TRIGLOPS MURRAYI",NA,12,1,NA,11.7284429688893,NA
"NED2000426",32,"477",2000,7,8,"TRIGLOPS MURRAYI",NA,12,1,11,11.7284429688893,0.937890905824283
"NED2000426",33,"480",2000,7,8,"TRIGLOPS MURRAYI",NA,12,1,14,11.7284429688893,1.19367933468545
"NED2000426",33,"480",2000,7,8,"TRIGLOPS MURRAYI",NA,10,1,7,7.26318209850787,0.963764904288723
"NED2000426",33,"480",2000,7,8,"TRIGLOPS MURRAYI",NA,11,1,9,9.33082485109566,0.964544951129716
"NED2000426",44,"481",2000,7,9,"TRIGLOPS MURRAYI",NA,13,1,17,14.4745876598752,1.17447214383353
"NED2000426",70,"485",2000,7,12,"TRIGLOPS MURRAYI",NA,10,1,6,7.26318209850787,0.826084203676048
"NED2000426",70,"485",2000,7,12,"TRIGLOPS MURRAYI",NA,11,1,9,9.33082485109566,0.964544951129716
"NED2000426",70,"485",2000,7,12,"TRIGLOPS MURRAYI",NA,11,1,NA,9.33082485109566,NA
"NED2000426",70,"485",2000,7,12,"TRIGLOPS MURRAYI",NA,10,1,NA,7.26318209850787,NA
"NED2000426",80,"476",2000,7,13,"TRIGLOPS MURRAYI",NA,10,1,10,7.26318209850787,1.37680700612675
"NED2001032",29,"472",2001,7,6,"TRIGLOPS MURRAYI",NA,14,1,22,17.5872426810121,1.25090671681879
"NED2001032",29,"472",2001,7,6,"TRIGLOPS MURRAYI",NA,14,1,NA,17.5872426810121,NA
"NED2001032",29,"472",2001,7,6,"TRIGLOPS MURRAYI",NA,13,1,NA,14.4745876598752,NA
"NED2001032",29,"472",2001,7,6,"TRIGLOPS MURRAYI",NA,12,1,12,11.7284429688893,1.02315371544467
"NED2001032",29,"472",2001,7,6,"TRIGLOPS MURRAYI",NA,13,1,16,14.4745876598752,1.10538554713744
"NED2001032",39,"480",2001,7,7,"TRIGLOPS MURRAYI",NA,5,1,1,1.17469367298795,0.851285763254689
"NED2001032",40,"481",2001,7,8,"TRIGLOPS MURRAYI",NA,10,1,6,7.26318209850787,0.826084203676048
"NED2001032",51,"480",2001,7,9,"TRIGLOPS MURRAYI",NA,11,1,8,9.33082485109566,0.857373289893081
"NED2001032",51,"480",2001,7,9,"TRIGLOPS MURRAYI",NA,10,1,NA,7.26318209850787,NA
"NED2001032",51,"480",2001,7,9,"TRIGLOPS MURRAYI",NA,10,1,8,7.26318209850787,1.1014456049014
"NED2002037",29,"473",2002,7,5,"TRIGLOPS MURRAYI",NA,14,1,18,17.5872426810121,1.02346913194264
"NED2002037",29,"473",2002,7,5,"TRIGLOPS MURRAYI",NA,11,1,NA,9.33082485109566,NA
"NED2002037",29,"473",2002,7,5,"TRIGLOPS MURRAYI",NA,11,1,11,9.33082485109566,1.17888827360299
"NED2002037",29,"473",2002,7,5,"TRIGLOPS MURRAYI",NA,9,1,5,5.50632365465066,0.908046877298428
"NED2002037",29,"473",2002,7,5,"TRIGLOPS MURRAYI",NA,12,1,10,11.7284429688893,0.852628096203893
"NED2002037",29,"473",2002,7,5,"TRIGLOPS MURRAYI",NA,10,1,7,7.26318209850787,0.963764904288723
"NED2002037",29,"473",2002,7,5,"TRIGLOPS MURRAYI",NA,8,1,4,4.04032855220982,0.990018496840371
"NED2002037",30,"472",2002,7,6,"TRIGLOPS MURRAYI",NA,12,1,12,11.7284429688893,1.02315371544467
"NED2002037",30,"472",2002,7,6,"TRIGLOPS MURRAYI",NA,10,1,7,7.26318209850787,0.963764904288723
"NED2002037",30,"472",2002,7,6,"TRIGLOPS MURRAYI",NA,9,1,6,5.50632365465066,1.08965625275811
"NED2002037",30,"472",2002,7,6,"TRIGLOPS MURRAYI",NA,8,1,3,4.04032855220982,0.742513872630278
"NED2002037",30,"472",2002,7,6,"TRIGLOPS MURRAYI",NA,7,1,3,2.84443132809967,1.05469236341321
"NED2002037",40,"477",2002,7,6,"TRIGLOPS MURRAYI",NA,13,1,15,14.4745876598752,1.03629895044135
"NED2002037",40,"477",2002,7,6,"TRIGLOPS MURRAYI",NA,9,1,5,5.50632365465066,0.908046877298428
"NED2002037",40,"477",2002,7,6,"TRIGLOPS MURRAYI",NA,8,1,5,4.04032855220982,1.23752312105046
"NED2002037",40,"477",2002,7,6,"TRIGLOPS MURRAYI",NA,12,1,NA,11.7284429688893,NA
"NED2002037",40,"477",2002,7,6,"TRIGLOPS MURRAYI",NA,12,1,10,11.7284429688893,0.852628096203893
"NED2002037",40,"477",2002,7,6,"TRIGLOPS MURRAYI",NA,10,1,5,7.26318209850787,0.688403503063373
"NED2002037",41,"481",2002,7,7,"TRIGLOPS MURRAYI",NA,11,1,10,9.33082485109566,1.07171661236635
"NED2002037",41,"481",2002,7,7,"TRIGLOPS MURRAYI",NA,9,1,5,5.50632365465066,0.908046877298428
"NED2002037",43,"481",2002,7,7,"TRIGLOPS MURRAYI",NA,11,1,10,9.33082485109566,1.07171661236635
"NED2002037",43,"481",2002,7,7,"TRIGLOPS MURRAYI",NA,9,1,5,5.50632365465066,0.908046877298428
"NED2002037",43,"481",2002,7,7,"TRIGLOPS MURRAYI",NA,10,1,10,7.26318209850787,1.37680700612675
"NED2002037",51,"480",2002,7,7,"TRIGLOPS MURRAYI",NA,12,1,10,11.7284429688893,0.852628096203893
"NED2002037",51,"480",2002,7,7,"TRIGLOPS MURRAYI",NA,8,1,3,4.04032855220982,0.742513872630278
"NED2002037",51,"480",2002,7,7,"TRIGLOPS MURRAYI",NA,9,1,3,5.50632365465066,0.544828126379057
"NED2002037",51,"480",2002,7,7,"TRIGLOPS MURRAYI",NA,13,1,15,14.4745876598752,1.03629895044135
"NED2002037",51,"480",2002,7,7,"TRIGLOPS MURRAYI",NA,10,1,5,7.26318209850787,0.688403503063373
"NED2002037",51,"480",2002,7,7,"TRIGLOPS MURRAYI",NA,14,1,20,17.5872426810121,1.13718792438071
"NED2002037",51,"480",2002,7,7,"TRIGLOPS MURRAYI",NA,9,1,NA,5.50632365465066,NA
"NED2002037",52,"480",2002,7,8,"TRIGLOPS MURRAYI",NA,13,1,15,14.4745876598752,1.03629895044135
"NED2002037",52,"480",2002,7,8,"TRIGLOPS MURRAYI",NA,11,1,NA,9.33082485109566,NA
"NED2002037",52,"480",2002,7,8,"TRIGLOPS MURRAYI",NA,11,1,9,9.33082485109566,0.964544951129716
"NED2002037",55,"480",2002,7,8,"TRIGLOPS MURRAYI",NA,10,1,NA,7.26318209850787,NA
"NED2002037",55,"480",2002,7,8,"TRIGLOPS MURRAYI",NA,8,1,5,4.04032855220982,1.23752312105046
"NED2002037",55,"480",2002,7,8,"TRIGLOPS MURRAYI",NA,9,1,5,5.50632365465066,0.908046877298428
"NED2002037",55,"480",2002,7,8,"TRIGLOPS MURRAYI",NA,9,1,NA,5.50632365465066,NA
"NED2002037",55,"480",2002,7,8,"TRIGLOPS MURRAYI",NA,10,1,10,7.26318209850787,1.37680700612675
"NED2002037",67,"490",2002,7,9,"TRIGLOPS MURRAYI",NA,10,1,6,7.26318209850787,0.826084203676048
"NED2002037",68,"485",2002,7,9,"TRIGLOPS MURRAYI",NA,10,1,8,7.26318209850787,1.1014456049014
"NED2002037",96,"481",2002,7,12,"TRIGLOPS MURRAYI",NA,13,1,NA,14.4745876598752,NA
"NED2002037",96,"481",2002,7,12,"TRIGLOPS MURRAYI",NA,10,1,7,7.26318209850787,0.963764904288723
"NED2002037",96,"481",2002,7,12,"TRIGLOPS MURRAYI",NA,13,1,20,14.4745876598752,1.3817319339218
"NED2002037",96,"481",2002,7,12,"TRIGLOPS MURRAYI",NA,8,1,5,4.04032855220982,1.23752312105046
"NED2002037",96,"481",2002,7,12,"TRIGLOPS MURRAYI",NA,9,1,5,5.50632365465066,0.908046877298428
"NED2002037",96,"481",2002,7,12,"TRIGLOPS MURRAYI",NA,12,1,15,11.7284429688893,1.27894214430584
"NED2003036",86,"473",2003,7,11,"TRIGLOPS MURRAYI",NA,7,1,NA,2.84443132809967,NA
"NED2003036",86,"473",2003,7,11,"TRIGLOPS MURRAYI",NA,11,1,10,9.33082485109566,1.07171661236635
"NED2003036",86,"473",2003,7,11,"TRIGLOPS MURRAYI",NA,10,1,8,7.26318209850787,1.1014456049014
"NED2003036",86,"473",2003,7,11,"TRIGLOPS MURRAYI",NA,7,1,2,2.84443132809967,0.70312824227547
"NED2003036",86,"473",2003,7,11,"TRIGLOPS MURRAYI",NA,8,1,3,4.04032855220982,0.742513872630278
"NED2003036",87,"473",2003,7,11,"TRIGLOPS MURRAYI",NA,14,1,20,17.5872426810121,1.13718792438071
"NED2003036",87,"473",2003,7,11,"TRIGLOPS MURRAYI",NA,15,1,22,21.083883628329,1.04345102580817
"NED2003036",87,"473",2003,7,11,"TRIGLOPS MURRAYI",NA,10,1,8,7.26318209850787,1.1014456049014
"TEL2004529",37,"476",2004,7,10,"TRIGLOPS MURRAYI",NA,9,1,NA,5.50632365465066,NA
"TEL2004529",37,"476",2004,7,10,"TRIGLOPS MURRAYI",NA,6,1,2,1.89687213712907,1.05436732442442
"TEL2004529",37,"476",2004,7,10,"TRIGLOPS MURRAYI",NA,8,1,4,4.04032855220982,0.990018496840371
"TEL2004529",37,"476",2004,7,10,"TRIGLOPS MURRAYI",NA,9,1,6,5.50632365465066,1.08965625275811
"TEL2004529",37,"476",2004,7,10,"TRIGLOPS MURRAYI",NA,12,1,12,11.7284429688893,1.02315371544467
"TEL2004529",39,"476",2004,7,11,"TRIGLOPS MURRAYI",NA,13,1,12,14.4745876598752,0.82903916035308
"TEL2004529",39,"476",2004,7,11,"TRIGLOPS MURRAYI",NA,12,1,8,11.7284429688893,0.682102476963115
"TEL2004529",39,"476",2004,7,11,"TRIGLOPS MURRAYI",NA,11,1,8,9.33082485109566,0.857373289893081
"TEL2004529",44,"480",2004,7,11,"TRIGLOPS MURRAYI",NA,11,1,12,9.33082485109566,1.28605993483962
"TEL2004529",54,"490",2004,7,12,"TRIGLOPS MURRAYI",NA,16,1,24,24.9815272588104,0.960709877797232
"TEL2004529",54,"490",2004,7,12,"TRIGLOPS MURRAYI",NA,10,1,8,7.26318209850787,1.1014456049014
"TEL2004529",54,"490",2004,7,12,"TRIGLOPS MURRAYI",NA,11,1,10,9.33082485109566,1.07171661236635
"TEL2004529",54,"490",2004,7,12,"TRIGLOPS MURRAYI",NA,12,1,12,11.7284429688893,1.02315371544467
"TEL2004529",54,"490",2004,7,12,"TRIGLOPS MURRAYI",NA,15,1,18,21.083883628329,0.853732657479411
"TEL2004529",54,"490",2004,7,12,"TRIGLOPS MURRAYI",NA,15,1,NA,21.083883628329,NA
"TEL2004529",56,"485",2004,7,13,"TRIGLOPS MURRAYI",NA,11,1,8,9.33082485109566,0.857373289893081
"NED2005027",40,"472",2005,7,2,"TRIGLOPS MURRAYI",NA,12,1,10,11.7284429688893,0.852628096203893
"NED2005027",41,"473",2005,7,2,"TRIGLOPS MURRAYI",NA,14,1,NA,17.5872426810121,NA
"NED2005027",41,"473",2005,7,2,"TRIGLOPS MURRAYI",NA,9,1,NA,5.50632365465066,NA
"NED2005027",41,"473",2005,7,2,"TRIGLOPS MURRAYI",NA,9,1,5,5.50632365465066,0.908046877298428
"NED2005027",41,"473",2005,7,2,"TRIGLOPS MURRAYI",NA,8,1,4,4.04032855220982,0.990018496840371
"NED2005027",41,"473",2005,7,2,"TRIGLOPS MURRAYI",NA,12,1,12,11.7284429688893,1.02315371544467
"NED2005027",41,"473",2005,7,2,"TRIGLOPS MURRAYI",NA,11,1,9,9.33082485109566,0.964544951129716
"NED2005027",41,"473",2005,7,2,"TRIGLOPS MURRAYI",NA,13,1,10,14.4745876598752,0.6908659669609
"NED2005027",41,"473",2005,7,2,"TRIGLOPS MURRAYI",NA,13,1,NA,14.4745876598752,NA
"NED2005027",41,"473",2005,7,2,"TRIGLOPS MURRAYI",NA,14,1,20,17.5872426810121,1.13718792438071
"NED2005027",42,"473",2005,7,2,"TRIGLOPS MURRAYI",NA,14,1,18,17.5872426810121,1.02346913194264
"NED2005027",44,"481",2005,7,3,"TRIGLOPS MURRAYI",NA,12,1,10,11.7284429688893,0.852628096203893
"NED2005027",77,"476",2005,7,8,"TRIGLOPS MURRAYI",NA,9,1,2,5.50632365465066,0.363218750919371
"NED2005027",77,"476",2005,7,8,"TRIGLOPS MURRAYI",NA,10,1,4,7.26318209850787,0.550722802450699
"NED2005027",77,"476",2005,7,8,"TRIGLOPS MURRAYI",NA,11,1,10,9.33082485109566,1.07171661236635
"NED2005027",90,"481",2005,7,10,"TRIGLOPS MURRAYI",NA,10,1,6,7.26318209850787,0.826084203676048
"NED2005027",90,"481",2005,7,10,"TRIGLOPS MURRAYI",NA,12,1,NA,11.7284429688893,NA
"NED2005027",90,"481",2005,7,10,"TRIGLOPS MURRAYI",NA,13,1,12,14.4745876598752,0.82903916035308
"NED2005027",90,"481",2005,7,10,"TRIGLOPS MURRAYI",NA,14,1,18,17.5872426810121,1.02346913194264
"NED2005027",90,"481",2005,7,10,"TRIGLOPS MURRAYI",NA,12,1,12,11.7284429688893,1.02315371544467
"NED2005027",90,"481",2005,7,10,"TRIGLOPS MURRAYI",NA,9,1,4,5.50632365465066,0.726437501838742
"NED2005027",91,"480",2005,7,10,"TRIGLOPS MURRAYI",NA,15,1,24,21.083883628329,1.13831020997255
"NED2005027",99,"477",2005,7,10,"TRIGLOPS MURRAYI",NA,4,1,1,0.653453035143987,1.53033186199778
"NED2006030",16,"475",2006,7,7,"TRIGLOPS MURRAYI",NA,13,1,14,14.4745876598752,0.96721235374526
"NED2006030",16,"475",2006,7,7,"TRIGLOPS MURRAYI",NA,7,1,2,2.84443132809967,0.70312824227547
"NED2006030",16,"475",2006,7,7,"TRIGLOPS MURRAYI",NA,8,1,4,4.04032855220982,0.990018496840371
"NED2006030",16,"475",2006,7,7,"TRIGLOPS MURRAYI",NA,9,1,5,5.50632365465066,0.908046877298428
"NED2006030",16,"475",2006,7,7,"TRIGLOPS MURRAYI",NA,10,1,6,7.26318209850787,0.826084203676048
"NED2006030",16,"475",2006,7,7,"TRIGLOPS MURRAYI",NA,12,1,13,11.7284429688893,1.10841652506506
"NED2006030",17,"475",2006,7,8,"TRIGLOPS MURRAYI",NA,13,1,14,14.4745876598752,0.96721235374526
"NED2006030",17,"475",2006,7,8,"TRIGLOPS MURRAYI",NA,11,1,10,9.33082485109566,1.07171661236635
"NED2006030",17,"475",2006,7,8,"TRIGLOPS MURRAYI",NA,8,1,3,4.04032855220982,0.742513872630278
"NED2006030",17,"475",2006,7,8,"TRIGLOPS MURRAYI",NA,9,1,6,5.50632365465066,1.08965625275811
"NED2006030",17,"475",2006,7,8,"TRIGLOPS MURRAYI",NA,11,1,NA,9.33082485109566,NA
"NED2006030",18,"477",2006,7,8,"TRIGLOPS MURRAYI",NA,13,1,16,14.4745876598752,1.10538554713744
"NED2006030",27,"481",2006,7,8,"TRIGLOPS MURRAYI",NA,8,1,3,4.04032855220982,0.742513872630278
"TEL2007745",10,"475",2007,7,9,"TRIGLOPS MURRAYI",NA,14,1,24,17.5872426810121,1.36462550925686
"TEL2007745",10,"475",2007,7,9,"TRIGLOPS MURRAYI",NA,13,1,NA,14.4745876598752,NA
"TEL2007745",10,"475",2007,7,9,"TRIGLOPS MURRAYI",NA,13,1,18,14.4745876598752,1.24355874052962
"TEL2007745",10,"475",2007,7,9,"TRIGLOPS MURRAYI",NA,14,1,NA,17.5872426810121,NA
"TEL2007745",10,"475",2007,7,9,"TRIGLOPS MURRAYI",NA,12,1,10,11.7284429688893,0.852628096203893
"TEL2007745",10,"475",2007,7,9,"TRIGLOPS MURRAYI",NA,12,1,NA,11.7284429688893,NA
"TEL2007745",10,"475",2007,7,9,"TRIGLOPS MURRAYI",NA,11,1,8,9.33082485109566,0.857373289893081
"TEL2007745",10,"475",2007,7,9,"TRIGLOPS MURRAYI",NA,10,1,6,7.26318209850787,0.826084203676048
"TEL2007745",10,"475",2007,7,9,"TRIGLOPS MURRAYI",NA,4,1,1,0.653453035143987,1.53033186199778
"TEL2007745",17,"481",2007,7,9,"TRIGLOPS MURRAYI",NA,4,1,1,0.653453035143987,1.53033186199778
"TEL2007745",17,"481",2007,7,9,"TRIGLOPS MURRAYI",NA,6,1,2,1.89687213712907,1.05436732442442
"TEL2007745",22,"482",2007,7,10,"TRIGLOPS MURRAYI",NA,9,1,8,5.50632365465066,1.45287500367748
"TEL2007745",27,"485",2007,7,11,"TRIGLOPS MURRAYI",NA,13,1,18,14.4745876598752,1.24355874052962
"TEL2007745",52,"480",2007,7,15,"TRIGLOPS MURRAYI",NA,10,1,8,7.26318209850787,1.1014456049014
"TEL2007745",52,"480",2007,7,15,"TRIGLOPS MURRAYI",NA,14,1,22,17.5872426810121,1.25090671681879
"TEL2007745",52,"480",2007,7,15,"TRIGLOPS MURRAYI",NA,11,1,10,9.33082485109566,1.07171661236635
"TEL2007745",52,"480",2007,7,15,"TRIGLOPS MURRAYI",NA,12,1,12,11.7284429688893,1.02315371544467
"TEL2007745",52,"480",2007,7,15,"TRIGLOPS MURRAYI",NA,9,1,6,5.50632365465066,1.08965625275811
"TEL2007745",61,"481",2007,7,16,"TRIGLOPS MURRAYI",NA,11,1,8,9.33082485109566,0.857373289893081
"TEL2007745",61,"481",2007,7,16,"TRIGLOPS MURRAYI",NA,12,1,14,11.7284429688893,1.19367933468545
"TEL2007745",61,"481",2007,7,16,"TRIGLOPS MURRAYI",NA,14,1,18,17.5872426810121,1.02346913194264
"TEL2007745",61,"481",2007,7,16,"TRIGLOPS MURRAYI",NA,15,1,24,21.083883628329,1.13831020997255
"TEL2007745",62,"480",2007,7,16,"TRIGLOPS MURRAYI",NA,14,1,22,17.5872426810121,1.25090671681879
"TEL2007745",62,"480",2007,7,16,"TRIGLOPS MURRAYI",NA,5,1,NA,1.17469367298795,NA
"TEL2007745",62,"480",2007,7,16,"TRIGLOPS MURRAYI",NA,5,1,1,1.17469367298795,0.851285763254689
"TEL2007745",62,"480",2007,7,16,"TRIGLOPS MURRAYI",NA,6,1,2,1.89687213712907,1.05436732442442
"TEL2007745",62,"480",2007,7,16,"TRIGLOPS MURRAYI",NA,9,1,4,5.50632365465066,0.726437501838742
"TEL2007745",62,"480",2007,7,16,"TRIGLOPS MURRAYI",NA,10,1,6,7.26318209850787,0.826084203676048
"TEL2007745",62,"480",2007,7,16,"TRIGLOPS MURRAYI",NA,13,1,16,14.4745876598752,1.10538554713744
"TEL2007745",62,"480",2007,7,16,"TRIGLOPS MURRAYI",NA,12,1,14,11.7284429688893,1.19367933468545
"TEL2007745",62,"480",2007,7,16,"TRIGLOPS MURRAYI",NA,11,1,8,9.33082485109566,0.857373289893081
"TEM2008830",18,"474",2008,7,7,"TRIGLOPS MURRAYI",NA,4,1,NA,0.653453035143987,NA
"TEM2008830",18,"474",2008,7,7,"TRIGLOPS MURRAYI",NA,14,1,22,17.5872426810121,1.25090671681879
"TEM2008830",18,"474",2008,7,7,"TRIGLOPS MURRAYI",NA,8,1,3,4.04032855220982,0.742513872630278
"TEM2008830",18,"474",2008,7,7,"TRIGLOPS MURRAYI",NA,4,1,1,0.653453035143987,1.53033186199778
"TEM2008830",18,"474",2008,7,7,"TRIGLOPS MURRAYI",NA,5,1,NA,1.17469367298795,NA
"TEM2008830",18,"474",2008,7,7,"TRIGLOPS MURRAYI",NA,5,1,1,1.17469367298795,0.851285763254689
"TEM2008830",18,"474",2008,7,7,"TRIGLOPS MURRAYI",NA,9,1,4,5.50632365465066,0.726437501838742
"TEM2008830",19,"474",2008,7,8,"TRIGLOPS MURRAYI",NA,9,1,NA,5.50632365465066,NA
"TEM2008830",19,"474",2008,7,8,"TRIGLOPS MURRAYI",NA,13,1,14,14.4745876598752,0.96721235374526
"TEM2008830",19,"474",2008,7,8,"TRIGLOPS MURRAYI",NA,8,1,3,4.04032855220982,0.742513872630278
"TEM2008830",19,"474",2008,7,8,"TRIGLOPS MURRAYI",NA,9,1,5,5.50632365465066,0.908046877298428
"TEM2008830",27,"477",2008,7,8,"TRIGLOPS MURRAYI",NA,10,1,5,7.26318209850787,0.688403503063373
"TEM2008830",27,"477",2008,7,8,"TRIGLOPS MURRAYI",NA,10,1,NA,7.26318209850787,NA
"TEM2008830",28,"480",2008,7,8,"TRIGLOPS MURRAYI",NA,5,1,1,1.17469367298795,0.851285763254689
"TEM2008830",28,"480",2008,7,8,"TRIGLOPS MURRAYI",NA,11,1,11,9.33082485109566,1.17888827360299
"TEM2008830",28,"480",2008,7,8,"TRIGLOPS MURRAYI",NA,9,1,5,5.50632365465066,0.908046877298428
"TEM2008830",28,"480",2008,7,8,"TRIGLOPS MURRAYI",NA,10,1,6,7.26318209850787,0.826084203676048
"TEM2008830",28,"480",2008,7,8,"TRIGLOPS MURRAYI",NA,8,1,3,4.04032855220982,0.742513872630278
"TEM2008830",29,"481",2008,7,9,"TRIGLOPS MURRAYI",NA,4,1,1,0.653453035143987,1.53033186199778
"TEM2008830",29,"481",2008,7,9,"TRIGLOPS MURRAYI",NA,5,1,1,1.17469367298795,0.851285763254689
"TEM2008830",46,"490",2008,7,11,"TRIGLOPS MURRAYI",NA,14,1,19,17.5872426810121,1.08032852816168
"TEM2008830",46,"490",2008,7,11,"TRIGLOPS MURRAYI",NA,10,1,8,7.26318209850787,1.1014456049014
"TEM2008830",46,"490",2008,7,11,"TRIGLOPS MURRAYI",NA,6,1,1,1.89687213712907,0.527183662212208
"TEM2008830",46,"490",2008,7,11,"TRIGLOPS MURRAYI",NA,13,1,16,14.4745876598752,1.10538554713744
"TEM2008830",46,"490",2008,7,11,"TRIGLOPS MURRAYI",NA,9,1,5,5.50632365465066,0.908046877298428
"TEM2008830",46,"490",2008,7,11,"TRIGLOPS MURRAYI",NA,12,1,14,11.7284429688893,1.19367933468545
"TEM2008830",46,"490",2008,7,11,"TRIGLOPS MURRAYI",NA,11,1,9,9.33082485109566,0.964544951129716
"TEM2008830",47,"485",2008,7,11,"TRIGLOPS MURRAYI",NA,14,1,20,17.5872426810121,1.13718792438071
"TEM2008830",47,"485",2008,7,11,"TRIGLOPS MURRAYI",NA,12,1,NA,11.7284429688893,NA
"TEM2008830",47,"485",2008,7,11,"TRIGLOPS MURRAYI",NA,5,1,NA,1.17469367298795,NA
"TEM2008830",47,"485",2008,7,11,"TRIGLOPS MURRAYI",NA,11,1,10,9.33082485109566,1.07171661236635
"TEM2008830",47,"485",2008,7,11,"TRIGLOPS MURRAYI",NA,13,1,NA,14.4745876598752,NA
"TEM2008830",47,"485",2008,7,11,"TRIGLOPS MURRAYI",NA,15,1,27,21.083883628329,1.28059898621912
"TEM2008830",47,"485",2008,7,11,"TRIGLOPS MURRAYI",NA,8,1,5,4.04032855220982,1.23752312105046
"TEM2008830",47,"485",2008,7,11,"TRIGLOPS MURRAYI",NA,5,1,1,1.17469367298795,0.851285763254689
"TEM2008830",47,"485",2008,7,11,"TRIGLOPS MURRAYI",NA,12,1,10,11.7284429688893,0.852628096203893
"TEM2008830",47,"485",2008,7,11,"TRIGLOPS MURRAYI",NA,10,1,8,7.26318209850787,1.1014456049014
"TEM2008830",47,"485",2008,7,11,"TRIGLOPS MURRAYI",NA,13,1,15,14.4745876598752,1.03629895044135
"TEM2008830",47,"485",2008,7,11,"TRIGLOPS MURRAYI",NA,9,1,4,5.50632365465066,0.726437501838742
"NED2009027",18,"477",2009,7,4,"TRIGLOPS MURRAYI",NA,11,1,NA,9.33082485109566,NA
"NED2009027",18,"477",2009,7,4,"TRIGLOPS MURRAYI",NA,11,1,8,9.33082485109566,0.857373289893081
"NED2009027",19,"475",2009,7,4,"TRIGLOPS MURRAYI",NA,8,1,4,4.04032855220982,0.990018496840371
"NED2009027",19,"475",2009,7,4,"TRIGLOPS MURRAYI",NA,10,1,6,7.26318209850787,0.826084203676048
"NED2009027",19,"475",2009,7,4,"TRIGLOPS MURRAYI",NA,9,1,6,5.50632365465066,1.08965625275811
"NED2009027",29,"476",2009,7,5,"TRIGLOPS MURRAYI",NA,11,1,10,9.33082485109566,1.07171661236635
"NED2009027",50,"485",2009,7,7,"TRIGLOPS MURRAYI",NA,11,1,10,9.33082485109566,1.07171661236635
"NED2009027",50,"485",2009,7,7,"TRIGLOPS MURRAYI",NA,12,1,12,11.7284429688893,1.02315371544467
"NED2009027",50,"485",2009,7,7,"TRIGLOPS MURRAYI",NA,12,1,NA,11.7284429688893,NA
"NED2009027",50,"485",2009,7,7,"TRIGLOPS MURRAYI",NA,10,1,6,7.26318209850787,0.826084203676048
"NED2009027",50,"485",2009,7,7,"TRIGLOPS MURRAYI",NA,8,1,4,4.04032855220982,0.990018496840371
"NED2009027",50,"485",2009,7,7,"TRIGLOPS MURRAYI",NA,13,1,18,14.4745876598752,1.24355874052962
"NED2009027",89,"477",2009,7,12,"TRIGLOPS MURRAYI",NA,9,1,NA,5.50632365465066,NA
"NED2009027",89,"477",2009,7,12,"TRIGLOPS MURRAYI",NA,9,1,6,5.50632365465066,1.08965625275811
"NED2010027",10,"473",2010,7,7,"TRIGLOPS MURRAYI",1,10,1,7,7.26318209850787,0.963764904288723
"NED2010027",10,"473",2010,7,7,"TRIGLOPS MURRAYI",2,12,1,13,11.7284429688893,1.10841652506506
"NED2010027",10,"473",2010,7,7,"TRIGLOPS MURRAYI",NA,11,1,10,9.33082485109566,1.07171661236635
"NED2010027",10,"473",2010,7,7,"TRIGLOPS MURRAYI",NA,9,1,NA,5.50632365465066,NA
"NED2010027",10,"473",2010,7,7,"TRIGLOPS MURRAYI",NA,9,1,5,5.50632365465066,0.908046877298428
"NED2010027",19,"475",2010,7,8,"TRIGLOPS MURRAYI",NA,9,1,6,5.50632365465066,1.08965625275811
"NED2010027",19,"475",2010,7,8,"TRIGLOPS MURRAYI",NA,13,1,14,14.4745876598752,0.96721235374526
"NED2010027",19,"475",2010,7,8,"TRIGLOPS MURRAYI",NA,9,1,NA,5.50632365465066,NA
"NED2010027",20,"475",2010,7,9,"TRIGLOPS MURRAYI",NA,8,1,NA,4.04032855220982,NA
"NED2010027",20,"475",2010,7,9,"TRIGLOPS MURRAYI",NA,12,1,8,11.7284429688893,0.682102476963115
"NED2010027",20,"475",2010,7,9,"TRIGLOPS MURRAYI",NA,11,1,NA,9.33082485109566,NA
"NED2010027",20,"475",2010,7,9,"TRIGLOPS MURRAYI",NA,14,1,16,17.5872426810121,0.909750339504571
"NED2010027",20,"475",2010,7,9,"TRIGLOPS MURRAYI",NA,11,1,8,9.33082485109566,0.857373289893081
"NED2010027",20,"475",2010,7,9,"TRIGLOPS MURRAYI",NA,12,1,NA,11.7284429688893,NA
"NED2010027",20,"475",2010,7,9,"TRIGLOPS MURRAYI",NA,9,1,4,5.50632365465066,0.726437501838742
"NED2010027",20,"475",2010,7,9,"TRIGLOPS MURRAYI",NA,8,1,4,4.04032855220982,0.990018496840371
"NED2010027",21,"477",2010,7,9,"TRIGLOPS MURRAYI",NA,11,1,8,9.33082485109566,0.857373289893081
"NED2010027",28,"480",2010,7,9,"TRIGLOPS MURRAYI",NA,10,1,7,7.26318209850787,0.963764904288723
"NED2010027",29,"480",2010,7,10,"TRIGLOPS MURRAYI",NA,12,1,13,11.7284429688893,1.10841652506506
"NED2010027",29,"480",2010,7,10,"TRIGLOPS MURRAYI",NA,13,1,12,14.4745876598752,0.82903916035308
"NED2010027",29,"480",2010,7,10,"TRIGLOPS MURRAYI",NA,11,1,10,9.33082485109566,1.07171661236635
"NED2010027",29,"480",2010,7,10,"TRIGLOPS MURRAYI",NA,10,1,8,7.26318209850787,1.1014456049014
"NED2010027",29,"480",2010,7,10,"TRIGLOPS MURRAYI",NA,12,1,NA,11.7284429688893,NA
"NED2010027",29,"480",2010,7,10,"TRIGLOPS MURRAYI",NA,9,1,6,5.50632365465066,1.08965625275811
"NED2010027",29,"480",2010,7,10,"TRIGLOPS MURRAYI",NA,8,1,4,4.04032855220982,0.990018496840371
"NED2010027",30,"480",2010,7,10,"TRIGLOPS MURRAYI",NA,8,1,NA,4.04032855220982,NA
"NED2010027",30,"480",2010,7,10,"TRIGLOPS MURRAYI",NA,11,1,8,9.33082485109566,0.857373289893081
"NED2010027",30,"480",2010,7,10,"TRIGLOPS MURRAYI",NA,12,1,9,11.7284429688893,0.767365286583504
"NED2010027",30,"480",2010,7,10,"TRIGLOPS MURRAYI",NA,8,1,3,4.04032855220982,0.742513872630278
"NED2010027",30,"480",2010,7,10,"TRIGLOPS MURRAYI",NA,9,1,5,5.50632365465066,0.908046877298428
"NED2010027",30,"480",2010,7,10,"TRIGLOPS MURRAYI",NA,10,1,7,7.26318209850787,0.963764904288723
"NED2010027",39,"490",2010,7,12,"TRIGLOPS MURRAYI",NA,11,1,8,9.33082485109566,0.857373289893081
"NED2010027",39,"490",2010,7,12,"TRIGLOPS MURRAYI",NA,14,1,16,17.5872426810121,0.909750339504571
"NED2010027",39,"490",2010,7,12,"TRIGLOPS MURRAYI",NA,14,1,NA,17.5872426810121,NA
"NED2010027",40,"490",2010,7,12,"TRIGLOPS MURRAYI",NA,5,1,1,1.17469367298795,0.851285763254689
"NED2011025",10,"472",2011,7,6,"TRIGLOPS MURRAYI",NA,4,1,2,0.653453035143987,3.06066372399557
"NED2011025",10,"472",2011,7,6,"TRIGLOPS MURRAYI",NA,12,1,10,11.7284429688893,0.852628096203893
"NED2011025",10,"472",2011,7,6,"TRIGLOPS MURRAYI",NA,11,1,10,9.33082485109566,1.07171661236635
"NED2011025",10,"472",2011,7,6,"TRIGLOPS MURRAYI",NA,13,1,15,14.4745876598752,1.03629895044135
"NED2011025",10,"472",2011,7,6,"TRIGLOPS MURRAYI",NA,14,1,21,17.5872426810121,1.19404732059975
"NED2011025",10,"472",2011,7,6,"TRIGLOPS MURRAYI",NA,10,1,9,7.26318209850787,1.23912630551407
"NED2011025",11,"473",2011,7,6,"TRIGLOPS MURRAYI",NA,11,1,8,9.33082485109566,0.857373289893081
"NED2011025",11,"473",2011,7,6,"TRIGLOPS MURRAYI",NA,12,1,12,11.7284429688893,1.02315371544467
"NED2011025",11,"473",2011,7,6,"TRIGLOPS MURRAYI",NA,9,1,5,5.50632365465066,0.908046877298428
"NED2011025",11,"473",2011,7,6,"TRIGLOPS MURRAYI",NA,13,1,16,14.4745876598752,1.10538554713744
"NED2011025",12,"473",2011,7,7,"TRIGLOPS MURRAYI",NA,11,1,10,9.33082485109566,1.07171661236635
"NED2011025",12,"473",2011,7,7,"TRIGLOPS MURRAYI",NA,10,1,6,7.26318209850787,0.826084203676048
"NED2011025",12,"473",2011,7,7,"TRIGLOPS MURRAYI",NA,13,1,14,14.4745876598752,0.96721235374526
"NED2011025",12,"473",2011,7,7,"TRIGLOPS MURRAYI",NA,12,1,14,11.7284429688893,1.19367933468545
"NED2011025",20,"477",2011,7,7,"TRIGLOPS MURRAYI",NA,11,1,8,9.33082485109566,0.857373289893081
"NED2011025",20,"477",2011,7,7,"TRIGLOPS MURRAYI",NA,12,1,14,11.7284429688893,1.19367933468545
"NED2011025",20,"477",2011,7,7,"TRIGLOPS MURRAYI",NA,12,1,NA,11.7284429688893,NA
"NED2011025",20,"477",2011,7,7,"TRIGLOPS MURRAYI",NA,11,1,NA,9.33082485109566,NA
"NED2011025",20,"477",2011,7,7,"TRIGLOPS MURRAYI",NA,10,1,8,7.26318209850787,1.1014456049014
"NED2011025",21,"475",2011,7,7,"TRIGLOPS MURRAYI",NA,13,1,NA,14.4745876598752,NA
"NED2011025",21,"475",2011,7,7,"TRIGLOPS MURRAYI",NA,11,1,14,9.33082485109566,1.50040325731289
"NED2011025",21,"475",2011,7,7,"TRIGLOPS MURRAYI",NA,8,1,6,4.04032855220982,1.48502774526056
"NED2011025",21,"475",2011,7,7,"TRIGLOPS MURRAYI",NA,12,1,13,11.7284429688893,1.10841652506506
"NED2011025",21,"475",2011,7,7,"TRIGLOPS MURRAYI",NA,13,1,19,14.4745876598752,1.31264533722571
"NED2011025",21,"475",2011,7,7,"TRIGLOPS MURRAYI",NA,9,1,7,5.50632365465066,1.2712656282178
"NED2011025",21,"475",2011,7,7,"TRIGLOPS MURRAYI",NA,10,1,9,7.26318209850787,1.23912630551407
"NED2011025",23,"477",2011,7,8,"TRIGLOPS MURRAYI",NA,12,1,11,11.7284429688893,0.937890905824283
"NED2011025",23,"477",2011,7,8,"TRIGLOPS MURRAYI",NA,12,1,NA,11.7284429688893,NA
"NED2011025",23,"477",2011,7,8,"TRIGLOPS MURRAYI",NA,13,1,16,14.4745876598752,1.10538554713744
"NED2011025",25,"481",2011,7,8,"TRIGLOPS MURRAYI",NA,10,1,6,7.26318209850787,0.826084203676048
"NED2011025",52,"491",2011,7,11,"TRIGLOPS MURRAYI",NA,11,1,7,9.33082485109566,0.750201628656446
"NED2012022",11,"473",2012,7,5,"TRIGLOPS MURRAYI",NA,11,1,8,9.33082485109566,0.857373289893081
"NED2012022",11,"473",2012,7,5,"TRIGLOPS MURRAYI",NA,10,1,7,7.26318209850787,0.963764904288723
"NED2012022",11,"473",2012,7,5,"TRIGLOPS MURRAYI",NA,9,1,5,5.50632365465066,0.908046877298428
"NED2012022",11,"473",2012,7,5,"TRIGLOPS MURRAYI",NA,12,1,12,11.7284429688893,1.02315371544467
"NED2012022",11,"473",2012,7,5,"TRIGLOPS MURRAYI",NA,8,1,4,4.04032855220982,0.990018496840371
"NED2012022",11,"473",2012,7,5,"TRIGLOPS MURRAYI",NA,13,1,14,14.4745876598752,0.96721235374526
"NED2012022",11,"473",2012,7,5,"TRIGLOPS MURRAYI",NA,14,1,15,17.5872426810121,0.852890943285535
"NED2012022",12,"476",2012,7,6,"TRIGLOPS MURRAYI",NA,13,1,13,14.4745876598752,0.89812575704917
"NED2012022",47,"481",2012,7,10,"TRIGLOPS MURRAYI",NA,10,1,6,7.26318209850787,0.826084203676048
"NED2012022",47,"481",2012,7,10,"TRIGLOPS MURRAYI",NA,9,1,5,5.50632365465066,0.908046877298428
"NED2012022",47,"481",2012,7,10,"TRIGLOPS MURRAYI",NA,12,1,13,11.7284429688893,1.10841652506506
"NED2012022",47,"481",2012,7,10,"TRIGLOPS MURRAYI",NA,9,1,NA,5.50632365465066,NA
"NED2012022",47,"481",2012,7,10,"TRIGLOPS MURRAYI",NA,4,1,1,0.653453035143987,1.53033186199778
"NED2012022",47,"481",2012,7,10,"TRIGLOPS MURRAYI",NA,8,1,4,4.04032855220982,0.990018496840371
"NED2012022",69,"490",2012,7,13,"TRIGLOPS MURRAYI",NA,13,1,16,14.4745876598752,1.10538554713744
"NED2013022",14,"475",2013,7,4,"TRIGLOPS MURRAYI",NA,11,1,8,9.33082485109566,0.857373289893081
"NED2014018",7,"473",2014,7,12,"TRIGLOPS MURRAYI",NA,11,1,13,9.33082485109566,1.39323159607626
"NED2014018",10,"476",2014,7,12,"TRIGLOPS MURRAYI",NA,13,1,18,14.4745876598752,1.24355874052962
"NED2014018",10,"476",2014,7,12,"TRIGLOPS MURRAYI",NA,13,1,NA,14.4745876598752,NA
"NED2014018",10,"476",2014,7,12,"TRIGLOPS MURRAYI",NA,14,1,19,17.5872426810121,1.08032852816168
"NED2015017",29,"473",2015,7,2,"TRIGLOPS MURRAYI",NA,9,1,6,5.50632365465066,1.08965625275811
"NED2015017",29,"473",2015,7,2,"TRIGLOPS MURRAYI",NA,12,1,12,11.7284429688893,1.02315371544467
"NED2015017",29,"473",2015,7,2,"TRIGLOPS MURRAYI",NA,9,1,NA,5.50632365465066,NA
"NED2015017",30,"473",2015,7,3,"TRIGLOPS MURRAYI",NA,5,1,2,1.17469367298795,1.70257152650938
"NED2015017",30,"473",2015,7,3,"TRIGLOPS MURRAYI",NA,9,1,6,5.50632365465066,1.08965625275811
"NED2015017",44,"470",2015,7,7,"TRIGLOPS MURRAYI",NA,11,1,7,9.33082485109566,0.750201628656446
"NED2015017",51,"481",2015,7,7,"TRIGLOPS MURRAYI",NA,6,1,2,1.89687213712907,1.05436732442442
"NED2015017",73,"491",2015,7,10,"TRIGLOPS MURRAYI",NA,9,1,4,5.50632365465066,0.726437501838742
"NED2016016",95,"480",2016,7,16,"TRIGLOPS MURRAYI",NA,10,1,8,7.26318209850787,1.1014456049014
"NED2017020",28,"481",2017,7,7,"TRIGLOPS MURRAYI",NA,10,1,8,7.26318209850787,1.1014456049014
"NED2017020",46,"490",2017,7,9,"TRIGLOPS MURRAYI",NA,8,1,NA,4.04032855220982,NA
"NED2017020",46,"490",2017,7,9,"TRIGLOPS MURRAYI",NA,8,1,5,4.04032855220982,1.23752312105046
"NED2017020",46,"490",2017,7,9,"TRIGLOPS MURRAYI",NA,6,1,3,1.89687213712907,1.58155098663662
"NED2017020",50,"495",2017,7,9,"TRIGLOPS MURRAYI",NA,7,1,4,2.84443132809967,1.40625648455094
"NED2017020",50,"495",2017,7,9,"TRIGLOPS MURRAYI",NA,8,1,5,4.04032855220982,1.23752312105046
"TEL2018023",85,"475",2018,7,26,"TRIGLOPS MURRAYI",NA,11,1,NA,9.33082485109566,NA
"TEL2018023",85,"475",2018,7,26,"TRIGLOPS MURRAYI",NA,11,1,14,9.33082485109566,1.50040325731289
"TEL2018023",85,"475",2018,7,26,"TRIGLOPS MURRAYI",NA,13,1,18,14.4745876598752,1.24355874052962
"TEL2018023",86,"475",2018,7,27,"TRIGLOPS MURRAYI",NA,11,1,6,9.33082485109566,0.643029967419811
"NED2019030",16,"481",2019,7,5,"TRIGLOPS MURRAYI",NA,13,1,16,14.4745876598752,1.10538554713744
"NED2019030",16,"481",2019,7,5,"TRIGLOPS MURRAYI",NA,11,1,12,9.33082485109566,1.28605993483962
"NED2019030",109,"473",2019,7,15,"TRIGLOPS MURRAYI",NA,12,1,10,11.7284429688893,0.852628096203893
"NED2020025",55,"473",2020,7,18,"TRIGLOPS MURRAYI",NA,9,1,5,5.50632365465066,0.908046877298428
"NED2020025",55,"473",2020,7,18,"TRIGLOPS MURRAYI",NA,11,1,9,9.33082485109566,0.964544951129716
"NED2020025",55,"473",2020,7,18,"TRIGLOPS MURRAYI",NA,14,1,17,17.5872426810121,0.966609735723607
"NED2020025",56,"477",2020,7,19,"TRIGLOPS MURRAYI",NA,10,1,NA,7.26318209850787,NA
"NED2020025",56,"477",2020,7,19,"TRIGLOPS MURRAYI",NA,10,1,NA,7.26318209850787,NA
"NED2020025",56,"477",2020,7,19,"TRIGLOPS MURRAYI",NA,10,1,NA,7.26318209850787,NA
"NED2020025",56,"477",2020,7,19,"TRIGLOPS MURRAYI",NA,10,1,NA,7.26318209850787,NA
"NED2020025",56,"477",2020,7,19,"TRIGLOPS MURRAYI",NA,10,1,NA,7.26318209850787,NA
"NED2020025",56,"477",2020,7,19,"TRIGLOPS MURRAYI",NA,10,1,NA,7.26318209850787,NA
"NED2020025",56,"477",2020,7,19,"TRIGLOPS MURRAYI",NA,10,1,NA,7.26318209850787,NA
"NED2020025",56,"477",2020,7,19,"TRIGLOPS MURRAYI",NA,11,1,NA,9.33082485109566,NA
"NED2020025",56,"477",2020,7,19,"TRIGLOPS MURRAYI",NA,11,1,NA,9.33082485109566,NA
"NED2020025",56,"477",2020,7,19,"TRIGLOPS MURRAYI",NA,11,1,NA,9.33082485109566,NA
"NED2020025",56,"477",2020,7,19,"TRIGLOPS MURRAYI",NA,11,1,7,9.33082485109566,0.750201628656446
"NED2020025",56,"477",2020,7,19,"TRIGLOPS MURRAYI",NA,10,1,NA,7.26318209850787,NA
"NED2020025",56,"477",2020,7,19,"TRIGLOPS MURRAYI",NA,10,1,7,7.26318209850787,0.963764904288723
"NED2020025",56,"477",2020,7,19,"TRIGLOPS MURRAYI",NA,10,1,NA,7.26318209850787,NA
"NED2020025",58,"475",2020,7,19,"TRIGLOPS MURRAYI",NA,10,1,NA,7.26318209850787,NA
"NED2020025",58,"475",2020,7,19,"TRIGLOPS MURRAYI",NA,10,1,7,7.26318209850787,0.963764904288723
"NED2020025",58,"475",2020,7,19,"TRIGLOPS MURRAYI",NA,14,1,20,17.5872426810121,1.13718792438071
"NED2020025",58,"475",2020,7,19,"TRIGLOPS MURRAYI",NA,11,1,NA,9.33082485109566,NA
"NED2020025",58,"475",2020,7,19,"TRIGLOPS MURRAYI",NA,13,1,NA,14.4745876598752,NA
"NED2020025",58,"475",2020,7,19,"TRIGLOPS MURRAYI",NA,15,1,NA,21.083883628329,NA
"NED2020025",58,"475",2020,7,19,"TRIGLOPS MURRAYI",NA,11,1,NA,9.33082485109566,NA
"NED2020025",58,"475",2020,7,19,"TRIGLOPS MURRAYI",NA,11,1,NA,9.33082485109566,NA
"NED2020025",58,"475",2020,7,19,"TRIGLOPS MURRAYI",NA,10,1,NA,7.26318209850787,NA
"NED2020025",58,"475",2020,7,19,"TRIGLOPS MURRAYI",NA,13,1,14,14.4745876598752,0.96721235374526
"NED2020025",58,"475",2020,7,19,"TRIGLOPS MURRAYI",NA,9,1,5,5.50632365465066,0.908046877298428
"NED2020025",58,"475",2020,7,19,"TRIGLOPS MURRAYI",NA,11,1,NA,9.33082485109566,NA
"NED2020025",58,"475",2020,7,19,"TRIGLOPS MURRAYI",NA,15,1,26,21.083883628329,1.23316939413693
"NED2020025",58,"475",2020,7,19,"TRIGLOPS MURRAYI",NA,11,1,NA,9.33082485109566,NA
"NED2020025",58,"475",2020,7,19,"TRIGLOPS MURRAYI",NA,11,1,11,9.33082485109566,1.17888827360299
"NED2020025",58,"475",2020,7,19,"TRIGLOPS MURRAYI",NA,9,1,NA,5.50632365465066,NA
"NED2020025",58,"475",2020,7,19,"TRIGLOPS MURRAYI",NA,12,1,NA,11.7284429688893,NA
"NED2020025",58,"475",2020,7,19,"TRIGLOPS MURRAYI",NA,10,1,NA,7.26318209850787,NA
"NED2020025",58,"475",2020,7,19,"TRIGLOPS MURRAYI",NA,10,1,NA,7.26318209850787,NA
"NED2020025",58,"475",2020,7,19,"TRIGLOPS MURRAYI",NA,10,1,NA,7.26318209850787,NA
"NED2020025",58,"475",2020,7,19,"TRIGLOPS MURRAYI",NA,12,1,9,11.7284429688893,0.767365286583504
"NED2020025",58,"475",2020,7,19,"TRIGLOPS MURRAYI",NA,11,1,NA,9.33082485109566,NA
"NED2020025",58,"475",2020,7,19,"TRIGLOPS MURRAYI",NA,10,1,NA,7.26318209850787,NA
"NED2020025",58,"475",2020,7,19,"TRIGLOPS MURRAYI",NA,10,1,NA,7.26318209850787,NA
"NED2020025",63,"480",2020,7,20,"TRIGLOPS MURRAYI",NA,11,1,10,9.33082485109566,1.07171661236635
"NED2020025",133,"474",2020,7,28,"TRIGLOPS MURRAYI",NA,10,1,7,7.26318209850787,0.963764904288723
